,Developer,City,Autonomous area,Country,Notable games,Notes
0,11 bit studios,Warsaw,,Poland,AnomalyThis War of MineFrostpunk,
1,ACE Team,Santiago,Santiago,Chile,Zeno ClashRock of Ages,
2,Akupara Games,Los Angeles,California,United States,Whispering Willows The Metronomicon: Slay the Dance Floor,
3,Alec Holowka,Winnipeg,Manitoba,Canada,Crayon Physics DeluxeI'm O.K – A Murder SimulatorAquariaNight in the Woods,
4,Alientrap,Saskatoon,Saskatchewan,Canada,CapsizedApotheon,
5,Amanita Design,Brno,,Czech Republic,Samorost seriesMachinariumBotanicula,
6,Ambrosia Software,Rochester,New York,United States,Escape Velocity series,
7,Amplitude Studios,Paris,Île-de-France,France,Endless SpaceEndless LegendDungeon of the Endless,
8,AmnesiaGames,Santiago de Chile,,Chile,,
9,Ankama Games,Roubaix,,France,Dofus,Denton Designs
10,Anna Anthropy,Oakland,California,United States,Dys4ia Mighty Jill Off,
11,Arcane Kids,Los Angeles,California,United States,Bubsy 3D: Bubsy Visits the James Turrell Retrospective Sonic Dreams Collection,
12,Arcen Games,Durham,North Carolina,United States,AI War seriesA Valley Without Wind seriesThe Last Federation,
13,Arrowhead Game Studios,Stockholm,,Sweden,Magicka Helldivers,
14,Artix Entertainment,Land o' Lakes,Florida,United States,AdventureQuestDragonFableMechQuestAdventureQuest WorldsWarpForceEpicDuelHeroSmash,
15,Aventurine SA,Athens,,Greece,Darkfall Online,
16,Babaroga,Chicago,Illinois,United States,Spore OriginsZombies!!!,
17,Basilisk Games,Indianapolis,Indiana,United States,Eschalon series,
18,The Behemoth,San Diego,California,United States,Alien HominidCastle CrashersBattleBlock TheaterPit People,
19,Benjamin Rivers,Toronto,Ontario,Canada,,
20,Big Finish Games,Salt Lake City,Utah,United States,Three Cards to Midnight,
21,Blitz Games Studios,Warwickshire,,United Kingdom (England),Powerup ForeverDroplitzInvincible Tiger: The Legend of Han Tao,
22,Blue Fang Games,Waltham,Massachusetts,United States,Zoo Tycoon series,
23,Bohemia Interactive Studio,Prague,,Czech Republic,Operation Flashpoint: Cold War CrisisArmA: Armed AssaultTake On MarsDayZ,
24,Boomzap Entertainment,Singapore,,Singapore,,
25,Bubble Gum Interactive,Sydney,,Australia,Little Space Heroes,
26,Capybara Games,Toronto,Ontario,Canada,Superbrothers: Sword & Sworcery EPCritter CrunchMight & Magic: Clash of HeroesSuper Time Force,
27,CBE Software,Brno,,Czech Republic,J.U.L.I.A.J.U.L.I.A. Among the Stars,
28,CCP Games,Reykjavík,,Iceland,Eve Online,
29,The Chinese Room,Brighton,,United Kingdom (England),Dear EstherAmnesia: A Machine for Pigs,
30,Choice Provisions,Santa Cruz,California,United States,Bit.Trip series,Formerly Gaijin Games
31,Christine Love,Toronto,Ontario,Canada,"Digital: A Love Storydon't take it personally, babe, it just ain't your storyAnalogue: A Hate Story",
32,Christopher Howard Wolf,Rocky Point,North Carolina,United States,DragonSpiresI'm O.K – A Murder Simulator'',
33,Chronic Logic,Santa Cruz,California,United States,Bridge BuilderGish,
34,Cinemax,Prague,,Czech Republic,Numen: Contest of HeroesGumboy: Crazy AdventuresInquisitor,
35,ClockStone,Innsbruck,Tyrol,Austria,Avencast: Rise of the Mage,
36,Coffee Stain Studios,Skövde,,Sweden,Goat SimulatorSanctum series,
37,Colossal Order,Tampere,,Finland,Cities: Skylines,
38,Comcept,Tokyo and Osaka,,Japan,Mighty No. 9,Founded by Keiji Inafune
39,Compulsion Games,Montreal,Quebec,Canada,Contrast We Happy Few,
40,Craneballs Studio,Ostrava,,Czech Republic,Planet Nomads,
41,Croteam,Zagreb,,Croatia,Football GlorySerious Sam series The Talos Principle,
42,Crytek Black Sea,Sofia,,Bulgaria,Knights of HonorWorldShift,Formerly Black Sea Studios
43,Curve Digital,London,,United Kingdom (England),Fluidity series Stealth Inc. series,
44,Cypronia,Michalovce,,Slovakia,State of War,Formerly Cypron Studios
45,Daedalic Entertainment,Hamburg,,Germany,Edna & Harvey seriesThe Whispered WorldDeponia seriesThe Dark Eye seriesThe Night of the Rabbit,
46,Datcroft Games,London,England,United Kingdom,Fragoria,
47,Daniel Benmergui,Buenos Aires,,Argentina,Today I DieI Wish I Were The Moon,
48,Davilex Games,Houten,Utrecht,Netherlands,A2 Racer,
49,Dejobaan Games,Boston,Massachusetts,United States,AaaaaAAaaaAAAaaAAAAaAAAAA!!! – A Reckless Disregard for GravityThe Wonderful End of the World,
50,Dennaton Games,,,Sweden,Hotline MiamiHotline Miami 2: Wrong Number,
51,Derek Smart,Fort Lauderdale,Florida,United States,Battlecruiser 3000ADUniversal Combat,
52,Derek Yu,Pasadena,California,United States,I'm O.K – A Murder SimulatorAquariaSpelunkyEternal Daughter,
53,Digital Eel,Seattle,Washington,United States,Weird Worlds: Return to Infinite SpaceStrange Adventures In Infinite Space,
54,Digital Happiness,Bandung,West Java,Indonesia,Dreadout,
55,Dreadlocks Ltd,Prague,,Czech Republic,Rune LegendDex,
56,DrinkBox Studios,Toronto,Ontario,Canada,Tales From Space: Mutant Blobs AttackGuacamelee!Severed,
57,Dr. Panda,Chengdu,,China,,Formerly TribePlay
58,Edmund McMillen,Santa Cruz,California,United States,GishSuper Meat BoyAetherSpewerThe Binding of IsaacThe Binding of Isaac: Rebirth,
59,Elixir Studios,London,England,United Kingdom,Republic: The RevolutionEvil Genius,
60,Eurocom,Derby,,United Kingdom,Sphinx and the Cursed MummyBatman BeginsPirates of the Caribbean: At World's EndVancouver 2010: The Official Videogame of the Winter Olympic GamesGoldenEye 007,
61,"Evony, LLC",Guangzhou,,China,Evony: Age I,
62,Facepunch Studios,Walsall,,United Kingdom (England),Garry's ModRust,
63,Firefly Studios,London,,United Kingdom (England),StrongholdStronghold 2Space ColonyStronghold 3Dungeon HeroCiv City: RomeStronghold Kingdoms,
64,Flying Wild Hog,Warsaw,,Poland,Hard Reset Shadow Warrior series,
65,Freebird Games,Markham,Ontario,Canada,To the Moon,
66,Frictional Games,Helsingborg,,Sweden,Penumbra seriesAmnesia: The Dark Descent SOMA,
67,Frima,Quebec City,Quebec,Canada,ChariotZombie Tycoon,
68,Frogwares,Kyiv,,Ukraine,Journey to the Center of the EarthSherlock Holmes: Secret of the Silver EarringSherlock Holmes: The AwakenedDracula: Origin,
69,Frontier Developments,Cambridge,,United Kingdom (England),Frontier: Elite IILostWindsLostWinds: Winter of the Melodias,
70,The Fullbright Company,Portland,Oregon,United States,Gone Home,
71,Games Distillery,Bratislava,Bratislava Region,Slovakia,Aqua,
72,GarageGames,Eugene,Oregon,United States,Marble Blast Ultra,
73,Gogii Games,Moncton,New Brunswick,Canada,,
74,Greenheart Games,Brisbane,Queensland,Australia,Game Dev Tycoon,
75,Grip Digital,Prague,,Czech Republic,Atomic NinjasThe Solus Project,
76,Guild Software,Milwaukee,Wisconsin,United States,Vendetta Online,
77,Haemimont Games,Sofia,,Bulgaria,Tropico 3 Tzar: Burden of the Crown,
78,Halfbrick Studios,Brisbane,Queensland,Australia,Fruit Ninja Jetpack Joyride,
79,Hanako Games,,,United Kingdom,Cute KnightFatal Hearts,
80,Heart Machine,Culver City,California,United States,Hyper Light Drifter,
81,Hello Games,Guildford,England,United Kingdom,Joe Danger series No Man's Sky,
82,Hexage,Mníšek pod Brdy,,Czech Republic,Reaper: Tale of a Pale SwordsmanRedcon,
83,Hidden Path Entertainment,Bellevue,Washington,United States,Defense Grid: The Awakening Defense Grid 2,
84,Himalaya Studios,Chandler,Arizona,United States,Al Emmo and the Lost Dutchman's Mine,
85,Hoplon Infotainment,Florianópolis,Florianópolis,Brazil,Heavy Metal Machines,Developer and publisher
86,Ice-Pick Lodge,Moscow,,Russia,PathologicThe Void,
87,Image & Form,Gothenburg,,Sweden,SteamWorld series,
88,Inti Creates,"Ichikawa, Chiba",,Japan,Mega Man Zero series Mega Man ZX series Gal Gun seriesAzure Striker Gunvolt seriesBlaster Master Zero,"Developer and publisher, formed by ex-Capcom staff"
89,Introversion Software,,,United Kingdom,UplinkDarwiniaDEFCONSubversion (development has stopped temporarily)MultiwiniaPrison Architect,
90,Invictus Games,Debrecen,,Hungary,Project Torque,
91,Jagex,Cambridge,England,United Kingdom,RuneScapeAce of Spades,
92,Jason Rohrer,Potsdam,New York,United States,PassageGravitationBetween,
93,Jonas Kyratzes,Wiesbaden,,Germany,The Museum of Broken Memories,
94,"Jonatan ""Cactus"" Söderström",Gothenburg,,Sweden,Clean Asia!,
95,Jph Wacheski,Ottawa,Ontario,Canada,,
96,Keen Software House,Prague,,Czech Republic,Miner Wars 2081Space Engineers,
97,Klei Entertainment,Vancouver,British Columbia,Canada,"EetsShankShank 2Mark of the NinjaDon't StarveInvisible, Inc.",
98,Kloonigames,,,Finland,Crayon Physics Deluxe,
99,Kunos Simulazioni,Vallelunga Circuit,Latium,Italy,Assetto CorsaFerrari Virtual AcademynetKar Pro,
100,Kiro'o Games,Yaounde,,Cameroon,Aurion: Legacy of the Kori-Odan,
101,Laminar Research,Columbia,South Carolina,United States,X-Plane,
102,Larian Studios,Ghent,,Belgium,Divinity: Original Sin Divinity: Original Sin II,
103,Lazy 8 Studios,San Francisco,California,United States,CogsBioShock Infinite: Industrial Revolution,
104,Lindsay Grace,"Washington, DC",District of Columbia,United States,Big Huggin',
105,Little Green Men Games,Zagreb,,Croatia,Starpoint GeminiStarpoint Gemini 2,
106,Llamasoft,,,United Kingdom,Polybius (2017 video game)Space GiraffeGridrunner Revolution,
107,Madfinger Games,Brno,,Czech Republic,ShadowgunDead Trigger,
108,Mega Cat Studios,Pittsburgh,Pennsylvania,United States,Bite the BulletLog Jammers,
109,Messhof,Los Angeles,California,United States,Nidhogg,
110,MidBoss,San Francisco,California,United States,Read Only Memories,
111,Mighty Rabbit Studios,Cary,North Carolina,United States,Saturday Morning RPGBreach & ClearBreach & Clear: Deadline,
112,Mode 7 Games,Brighton,East Sussex,England,Frozen Synapse seriesTokyo 42,
113,Mojang,Stockholm,,Sweden,MinecraftCobaltScrolls,
114,Molleindustria,Turin,,Italy,Faith FighterPhone Story,
115,Moon Studios,Vienna,,Austria,Ori and the Blind ForestOri and the Will of the Wisps,
116,NeocoreGames,Budapest,,Hungary,The Incredible Adventures of Van Helsing,
117,New Star Games,,,United Kingdom,New Star Soccer,
118,Nicalis,Santa Ana,California,United States,NightSkyCave StoryVVVVVV1001 SpikesThe Binding of Isaac: Rebirth,
119,Nifflas,Umeå,,Sweden,KnyttKnytt StoriesWithin a Deep Forest,
120,Nival Interactive,Moscow,,Russia,BlitzkriegSilent Storm,
121,Number None,,California,United States,BraidThe Witness,
122,The Odd Gentlemen,,California,United States,The Misadventures of P.B. Winterbottom,
123,Owlchemy Labs,Boston,Massachusetts,United States,Snuggle TruckAaaaaAAaaaAAAaaAAAAaAAAAA!!!,
124,Parallax Studio,Nixa,Missouri,United States,Darkstar: The Interactive Movie,
125,PixelJAM Games,,,United States,Dino Run,
126,Playdead,Copenhagen,,Denmark,LimboInside,
127,Polytron Corporation,Montreal,,Canada,Fez,
128,Puppy Games,Notting Hill,,United Kingdom (England),Revenge of the TitansDroid Assault,
129,Positech Games,,,United Kingdom,DemocracyGratuitous Space Battles,
130,Private Moon Studios,,,Hungary,AGON series Yoomurjak's Ring,
131,Provox Games,Zagreb,,Croatia,Space Force: Rogue Universe,
132,Psyonix Studios,San Diego,California,United States,Rocket LeagueSupersonic Acrobatic Rocket-Powered Battle-CarsARC Squadron,
133,Punch Entertainment,Palo Alto,California,United States,,
134,Q-Games,Kyoto,,Japan,Star Fox CommandPixelJunk series,
135,Rake In Grass,Prague,,Czech Republic,Jets 'n' GunsLarva Mortus,
136,Red Thread Games,Oslo,,Norway,Dreamfall ChaptersDraugen,
137,Renegade Kid,Austin,Texas,United States,Mutant Mudds,
138,Daniel Remar,,,Sweden,Iji,
139,Relentless Software,Brighton,,United Kingdom,Buzz!Blue Toad Murder Files,
141,Roll7,London,,United Kingdom (England),OlliOlli OlliOlli2: Welcome to Olliwood Not a Hero,
142,Ronimo Games,Utrecht,,Netherlands,de BlobSwords & SoldiersAwesomenauts,
143,Rovio Entertainment,Espoo,,Finland,Angry Birds,
144,S2 Games,Rohnert Park,California,United States,Savage: The Battle for NewerthSavage 2: A Tortured SoulHeroes of Newerth,
145,Saber Interactive,Millburn,New Jersey,United States,Will RockTimeShift,
146,Sandlot Games,Bothell,Washington,United States,Cake Mania,
147,Santa Cruz Games,Santa Cruz,California,United States,Tomb Raider: UnderworldGodzilla Unleashed: Double Smash,
148,Schell Games,Pittsburgh,Pennsylvania,United States,I Expect You To Die,Developer and publisher
149,Scott Cawthon,Salado,Texas,United States,Five Nights at Freddy's series,
150,Semi Secret Software,Austin,Texas,United States,Canabalt,
151,Sidhe,Wellington,,New Zealand,GripShiftShatterRugby Challenge seriesRugby League series (2003-2010),
152,Simogo,Malmö,,Sweden,Device 6Year WalkBeat Sneak BanditBumpy Road,
153,Silver Creek Entertainment,Grants Pass,Oregon,United States,Soltrio Solitaire,
154,Ska Studios,Marcy,New York,United States,Survival Crisis ZThe Dishwasher: Dead SamuraiI MAED A GAM3 W1TH Z0MB1ES 1NIT!!!1The Dishwasher: Vampire SmileCharlie MurderSalt and Sanctuary,
155,Skygoblin,Gothenburg,,Sweden,The Journey Down,
156,Soldak Entertainment,Dallas,Texas,United States,Depths of PerilKivi's UnderworldDin's Curse,
157,Spiderweb Software,Seattle,Washington,United States,Exile seriesAvernum seriesGeneforge seriesNethergate,
158,Splash Damage,London,,United Kingdom (England),Wolfenstein: Enemy TerritoryEnemy Territory: Quake Wars,
159,Squad,Mexico City,,Mexico,Kerbal Space Program,
160,Stardock,Plymouth,Michigan,United States,Galactic Civilizations seriesElemental seriesThe Political Machine series,
161,Storm Impact,Glenview,Illinois,United States,TaskMaker,
162,Studio Pixel,,,Japan,Cave StoryIkachanKero Blaster,
163,Subatomic Studios,Boston,Massachusetts,United States,Fieldrunners,
164,Supergiant Games,San Jose,California,United States,BastionTransistorPyreHades,
165,SuperVillain Studios,Santa Ana,California,United States,Dungeon Siege: Throne of AgonyOrder Up!,
166,Tarsier Studios,Malmö,,Sweden,Little Nightmares,
167,Tale of Tales,Ghent,,Belgium,The Endless ForestThe GraveyardThe Path,
168,TaleWorlds,Ankara,,Turkey,Mount&BladeMount&Blade: WarbandMount&Blade: With Fire & Sword,
169,Team Shanghai Alice,Ebina,Kanagawa,Japan,Touhou Project,
170,Telltale Games,San Rafael,California,United States,Sam & Max episodic series The Walking Dead seriesTales from the BorderlandsThe Wolf Among UsGame of Thrones Minecraft: Story Mode,
171,Terry Cavanagh,London,,United Kingdom (England),VVVVVSuper Hexagon,
172,thatgamecompany,Los Angeles,California,United States,flOwCloudFlowerJourney,
173,Three Rings Design,San Francisco,California,United States,Yohoho! Puzzle PiratesBang! HowdyWhirled,
174,Tiger Style,Austin,Texas,United States,Waking MarsSpider: The Secret of Bryce ManorSpider: Rite of the Shrouded Moon,
175,tinyBuild,Bothell,Washington,United States,No Time to Explain,Since 2016 only active as a publisher
176,Terri Vellmann,,,Brazil,Heavy Bullets,
177,Toby Fox,Boston,Massachusetts,United States,UndertaleDeltarune,
178,Torpex Games,Bellevue,Washington,United States,Schizoid,
179,Tomorrow Corporation,,,United States,Little InfernoWorld of Goo,
180,Trendy Entertainment,Gainesville,Florida,United States,Dungeon Defenders,
181,Tribute Games,Montreal,Quebec,Canada,WizorbMercenary KingsCurses 'N Chaos,
182,Trickster Arts,Brno,,Czech Republic,Hero of ManyHackers,
183,Twisted Pixel,Austin,Texas,United States,The Maw'Splosion ManMs. Splosion Man,
184,Uber Entertainment,Kirkland,Washington,United States,Planetary AnnihilationMonday Night CombatSuper Monday Night Combat,
185,Vectorpark,Brooklyn,New York,United States,WindosillMetamorphabet,
186,Vlambeer,Utrecht,,Netherlands,Super Crate BoxSerious Sam: The Random EncounterLuftrausersNuclear Throne,
187,VoxelStorm,Manchester,,United Kingdom,GolfXTRMFractyrAdvertCity,
188,Wadjet Eye Games,New York City,New York,United States,The Shivah Blackwell series Gemini Rue Shardlight,
189,"WayForward Technologies, Inc.",Valencia,California,United States,Shantae seriesContra 4A Boy and His BlobMighty Switch Force seriesDouble Dragon NeonDuckTales Remastered,
190,Wolfire Games,Berkeley,California,United States,Black ShadesLugaru: The Rabbit's FootOvergrowth,
191,Xona Games,Yarmouth,Nova Scotia,Canada,Score Rush,
192,XMG Studio,Toronto,Ontario,Canada,,
193,Yacht Club Games,"Valencia, California",California,United States,Shovel Knight,Founded by former Wayforward director Sean Velasco
194,Young Horses,Chicago,Illinois,United States,Octodad Octodad: Dadliest Catch,
195,Zachary Barth,Seattle,Washington,United States,InfiniminerSpaceChem,
196,Zoetrope Interactive,Istanbul,,Turkey,Darkness WithinDarkness Within: The Dark Lineage,
197,Zoink,Gothenburg,,Sweden,PlayStation All-Stars IslandThe Kore Gang,
198,Zoonami,Cambridge,England,United Kingdom,ZendokuBonsai Barber,
199,ZootFly,Ljubljana,,Slovenia,First Battalion,
0,0verflow,Tokyo,,Japan,School DaysSummer DaysCross Days,Visual Novel brand (both developer and publisher)
2,1C Company,Moscow,,Russia,King's Bounty: Warriors of the North,"Game localization. The game development subsidiary, Snowball Studios [ru], was dissolved and former employees of the studios formed Snowbird Game Studios."
3,1-Up Studio,Tokyo,,Japan,Mother 3,Subsidiary of Nintendo. Formed by former employees of Square
4,2K Czech,Brno,,Czech Republic,MafiaMafia II,Former subsidiary of 2K Games; previously known as Illusion Softworks; closed in 2017 after merged into Hangar 13
5,2K Games,Novato,California,United States,,Developer/publisher/distributor/marketer; owned by Take-Two Interactive
6,2K Sports,Novato,California,United States,NBA 2K seriesNHL 2K seriesWWE 2K series,Developer/publisher and subsidiary of 2K Games
7,343 Industries,Redmond,Washington,United States,Halo series,"Subsidiary of Microsoft Studios, took over development for the Halo franchise from Bungie"
8,38 Studios,Providence,Rhode Island,United States,Kingdoms of Amalur: Reckoning,Defunct in 2012; their assets were acquired by THQ Nordic
9,3D Realms,Garland,Texas,United States,Duke Nukem,
10,42 Entertainment,Pasadena,California,United States,I Love Bees,
11,4A Games,KyivSliema,,UkraineMalta,Metro series,They moved its headquarters from Ukraine to Malta; acquired by Embracer Group in 2020
12,5th Cell,Bellevue,Washington,United States,Scribblenauts series,
13,989 Studios,Foster City,California,United States,Twisted Metal III–4Jet Moto 2124,Division of Sony Computer Entertainment America
14,Acclaim Entertainment,Glen Cove,New York,United States,,Developer/Publisher; declared Bankruptcy August 2004
15,Acclaim Studios Austin,Santa Clara,California,United States,Turok seriesAll-Star Baseball seriesSouth Park series,Acquired by Acclaim Entertainment in 1995
16,Accolade,San Jose,California,United States,HardBall! seriesStar Control seriesTest Drive II–III,"Former publisher and developer. Acquired by Atari, SA née Infogrames in 1999, name retired."
17,Access Games,Osaka,,Japan,Deadly Premonition,Subsidiary of Digital Media Lab [ja]
18,Access Software,Salt Lake City,Utah,United States,Under a Killing MoonThe Pandora Directive,Acquired by Microsoft
20,Aces Studio,Redmond,Washington,United States,Microsoft Flight Simulator,Acquired by Microsoft
21,Acquire,"Chiyoda, Tokyo",,Japan,Tenchu seriesWay of the Samurai seriesShinobido seriesAkiba seriesNo Heroes Allowed! seriesOctopath Traveler,Developer/publisher; acquired by GungHo Online Entertainment
22,Action Forms,Kyiv,,Ukraine,Carnivores series,Their main employees moved to Tatem Games
23,Active Gaming Media,Osaka,,Japan,,"Game localization, debugging/testing, international indie game distribution, publishing"
24,Activision,Santa Monica,California,United States,Call of Duty seriesCrash Bandicoot seriesSpyro the Dragon seriesTony Hawk's Pro Skater seriesGuitar Hero seriesSkylanders seriesMechWarrior 2,Also video game publisher; acquired several other developers; merged with Vivendi to form Activision Blizzard in 2008
25,Adventure Soft,Birmingham,England,United Kingdom,Simon the Sorcerer series,"The development company is now defunct but the publishing company, Adventure Soft Publishing, is still active."
26,Akella,Moscow,,Russia,Age of Sail IIAge of Pirates seriesSea Dogs,Defunct in 2012
27,Alfa System,Kumamoto City,,Japan,Tales of the World seriesOreshika series,
28,AlphaDream,Tokyo,,Japan,Mario & Luigi series,Defunct in 2019
29,Amazon Game Studios,Seattle,Washington,United States,New World,Subsidiary of Amazon.com
30,"Amazon Game Studios, Orange County (formerly Double Helix Games)",Irvine,California,United States,Silent Hill: HomecomingKiller InstinctFront Mission Evolved,acquired by Amazon and incorporated in Amazon Game Studios
31,Ambrella,Tokyo,,Japan,"Hey You, Pikachu!Pokémon Rumble series",
32,Amusement Vision,Tokyo,,Japan,Super Monkey Ball seriesF-Zero GX,Subsidiary of Sega
33,Ancient,Hino,,Japan,,
34,Anino,Manila,,Philippines,Despicable Me: Minion Mania,
36,Appy Entertainment,Carlsbad,California,United States,,
37,AQ Interactive,Tokyo,,Japan,,Merged into Marvelous Entertainment in 2011
38,Aquria,Kanagawa,,Japan,Sword Art Online series,
39,Arc System Works,Yokohama,,Japan,Guilty Gear seriesBlazBlue seriesDragon Ball FighterZGranblue Fantasy Versus,Developer/publisher
42,Arkane Studios,Lyon,,France,Arx FatalisDeathloopDishonored seriesPrey,Subsidiary of ZeniMax Media
43,Arkedo Studio,Paris,,France,Hell Yeah! Wrath of the Dead Rabbit,Defunct in 2013
44,ArenaNet,Bellevue,Washington,United States,Guild WarsGuild Wars 2,Subsidiary of NCSoft
45,Arika,Tokyo,,Japan,Endless Ocean seriesStreet Fighter EX seriesTetris: The Grand Master seriesTetris 99,
46,"Art Co., Ltd",Tokyo,,Japan,,
47,Artdink,Tsukishima,,Japan,A-Train seriesSword Art Online series,
48,ArtePiazza,Tokyo,,Japan,,
49,Artificial Studios,Gainesville,Florida,United States,,Subsumed by Ignition Entertainment which was defunct in 2012
50,Artoon,Yokohama,,Japan,Yoshi's Island DS,Subsidiary of AQ Interactive; defunct in 2010
51,Arzest,Yokohama,,Japan,Wii Play: MotionYoshi's New Island,Formed by former employees of Artoon
52,Ascaron,Gütersloh,,Germany,Sacred series,Developer/publisher; closed in 2009
53,Asobo Studio,Bordeaux,,France,Kinect Rush: A Disney–Pixar AdventureA Plague Tale: InnocenceMicrosoft Flight Simulator (2020),
54,Atari,Pawtucket,Rhode Island,United States,,Acquired by Infogrames in 2001
55,Atlus,Tokyo,,Japan,Megami Tensei franchise Shin Megami Tensei series Persona series Devil Summoner series Tokyo Mirage Sessions ♯FE Etrian Odyssey seriesTrauma Center seriesCatherine,Developer/publisher; acquired by Sega in 2013
56,Atomic Planet Entertainment,Middlesbrough,England,United Kingdom,Taito Legends series,Closed in 2009
57,Attic Entertainment Software,Albstadt,,Germany,Realms of Arkania: Blade of Destiny,Developer/publisher; defunct in 2001
58,Avalanche Studios Group,Stockholm,,Sweden,Just Cause seriestheHunter series,Acquired by Nordisk Film in 2018
61,Backflip Studios,Boulder,Colorado,United States,DragonVale,Subsidiary of Hasbro; closed in 2019
62,Bandai Namco EntertainmentBandai Namco Studios,"Minato, Tokyo",,Japan,Pac-Man franchiseTekken franchise Tekken series Tekken Tag Tournament series Soul Calibur seriesTales seriesKatamari seriesAce Combat seriesThe Idolmaster seriesTaiko no Tatsujin seriesGod Eater seriesSuper Smash Bros. for Nintendo 3DS and Wii UPokkén TournamentMr. Driller seriesMojipittan seriesFamily Stadium seriesCode VeinNew Pokémon Snap,Bandai Namco Entertainment is a subsidiary of Bandai Namco Holdings; Bandai Namco Studios was split off from Bandai Namco Entertainment in 2012
63,Bauhaus Entertainment,Tokyo,,Japan,,Division of Imagica DigitalScape [ja]
64,B.B. Studio,Tokyo,,Japan,Digimon World seriesSuper Robot Wars series,Formerly known as Banpre Kikaku and Banpresoft; Subsidiary of Bandai Namco Entertainment
65,Beenox,Quebec City,Quebec,Canada,Spider-Man game seriesCrash Team Racing Nitro-Fueled,"Acquired by Activision on May 25, 2005"
66,Behaviour Interactive,Montreal,Quebec,Canada,Dead by Daylight,
67,Behaviour Santiago,Santiago de Chile,,Chile,Assault Heroes series,Subsidiary of Behaviour Interactive; closed in 2017
68,Bethesda Game Studios,Rockville,Maryland,United States,The Elder Scrolls seriesFallout series,In-house development team of Bethesda Softworks LLC
69,Bethesda Softworks,Rockville,Maryland,United States,The Elder Scrolls seriesFallout series,In-house development team of Bethesda Softworks LLC
70,Big Blue Bubble,Ontario,,Canada,My Singing Monsters franchise,Acquired by Enad Global 7 in 2020.
72,Big Huge Games,Baltimore,Maryland,United States,Rise of NationsKingdoms of Amalur: ReckoningDomiNations,Acquired by Nexon in 2016
73,BioWare,Edmonton,Alberta,Canada,Baldur's Gate seriesMass Effect seriesDragon Age seriesNeverwinter NightsStar Wars: The Old RepublicAnthem,Acquired by Electronic Arts in 2007
74,The Bitmap Brothers,London,England,United Kingdom,Xenon series,Dissolved. Their portfolio was acquired by Rebellion Developments in 2019.
75,Best Way,Luhansk,,Ukraine,Men of War series,
76,Bits Studios,London,England,United Kingdom,Spider-Man: Return of the Sinister Six,Acquired by PlayWize in 2008
77,Bizarre Creations,Liverpool,England,United Kingdom,Project Gotham Racing seriesGeometry Wars series,Defunct in 2011
78,Black Forest Games,Offenburg,,Germany,Giana Sisters: Twisted Dreams,Acquired by THQ Nordic in 2017
79,Black Isle Studios,Orange County,California,United States,Fallout 2Planescape: TormentIcewind Dale,Subsidiary of Interplay Entertainment; closed in 2003
80,Black Rock Studio,Brighton,England,United Kingdom,MotoGP 2ATV Offroad Fury 3,Defunct in 2011
81,Black Wing Foundation,Dnipro,,Ukraine,Stalin vs. MartiansSpeed Kills,
83,Blizzard Entertainment,Irvine,California,United States,Diablo seriesStarCraft seriesWarcraft seriesHearthstoneHeroes of the StormOverwatch,Developer/publisher; acquired by Vivendi and became part of Vivendi Games group in 1998; merged into Activision Blizzard in 2008
84,Bloober Team,Kraków,Lesser Poland Voivodeship,Poland,Layers of Fear series,
85,Bluepoint Games,Austin,Texas,United States,Shadow of the Colossus remakeDemon's Souls remake,
86,Blueside,Seoul,,South Korea,Kingdom Under Fire series,Founded by former employees of Phantagram
88,Blue Tongue Entertainment,Melbourne,Victoria,Australia,Jurassic Park: Operation Genesisde BlobMarvel Super Hero Squad,Shut down in 2011; subsidiary of THQ
89,Bluehole,Seongnam,,South Korea,TERAPlayerUnknown's Battlegrounds,
90,Bohemia Interactive,Prague,,Czech Republic,Operation Flashpoint: Cold War CrisisArma seriesTake On HelicoptersCarrier Command: Gaea MissionDayZ,
91,Boss Fight Entertainment,McKinney,Texas,United States,,
92,Boss Key Productions,Raleigh,North Carolina,United States,LawBreakers,Founded by Cliff Bleszinski and Arjan Brussee
93,BreakAway Games,Hunt Valley,Maryland,United States,,
94,Brøderbund,Eugene,Oregon,United States,Prince of Persia series,Closed in 1998
95,Bugbear Entertainment,Helsinki,,Finland,FlatOut seriesWreckfest,Acquired by THQ Nordic in 2018
96,Bullfrog Productions,Guildford,England,United Kingdom,Theme ParkMagic CarpetSyndicateDungeon Keeper series,Acquired by Electronic Arts in 1995 and closed in 2001
97,Bungie,Bellevue,Washington,United States,Halo seriesMarathonOniMythPathways into DarknessMinotaur: The Labyrinths of CreteOperation: Desert StormDestiny series,Formerly a subsidiary of Microsoft Game Studios
98,Camelot Software Planning,Tokyo,,Japan,Shining seriesMario Golf seriesMario Tennis seriesGolden Sun series,
99,Capcom,Osaka,,Japan,Mega Man franchise Mega Man series Mega Man X series Mega Man Legends series Mega Man Battle Network series Mega Man Zero series Mega Man ZX series Mega Man Star Force series Street Fighter franchiseResident Evil franchiseDevil May Cry franchiseMonster Hunter franchiseGhost 'n Goblins seriesStrider seriesFinal Fight seriesDino Crisis seriesDarkstalkers seriesAce Attorney franchiseOnimusha seriesSengoku BASARA seriesDragon's Dogma seriesViewtiful Joe seriesŌkami seriesDead Rising seriesMarvel vs. Capcom seriesBreath of Fire series,Developer/publisher
100,Capcom Vancouver,Burnaby,British Columbia,Canada,Dead Rising series,"Founded as Blue Castle Games; acquired by Capcom in 2010; closed on September 18, 2018"
101,Carbine Studios,Aliso Viejo,California,United States,WildStar,Subsidiary of NCSoft
102,Cattle Call,Tokyo,,Japan,Metal Max seriesArc the Lad series,Formed by former employees of Data East
103,Cauldron,Bratislava,,Slovakia,Chaser,Their assets were acquired by Bohemia Interactive
104,Cave,"Shinjuku, Tokyo",,Japan,DoDonPachi,
105,Cavia,Tokyo,,Japan,Drakengard seriesNier,
107,CD Projekt Red,Warsaw,Masovian Voivodeship,Poland,The Witcher seriesCyberpunk 2077,Game development studio of CD Projekt
108,Certain Affinity,Austin,Texas,United States,Halo series,Co-developed the Halo series
109,Chair Entertainment,Salt Lake City,Utah,United States,UndertowShadow ComplexInfinity Blade series,Subsidiary of Epic Games
110,Chunsoft,"Shinjuku, Tokyo",,Japan,Mystery Dungeon seriesDragon Quest I–V,Merged with Spike to become Spike Chunsoft in 2012
111,Cing,Fukuoka,,Japan,Little King's Story,
112,Clap Hanz,Yokohama,,Japan,Everybody's Golf seriesEverybody's Tennis series,
113,Climax Entertainment,Tokyo,,Japan,Runabout series,
114,Climax Studios,Portsmouth,England,United Kingdom,Silent Hill: OriginsAssassin's Creed Chronicles series,
115,Clover Studio,Osaka,,Japan,Viewtiful Joe seriesOkamiGod Hand,Subsidiary of Capcom; became defunct in 2007.
116,Coded Illusions,Rotterdam,,Netherlands,,
117,Codemasters,Southam,England,United Kingdom,F1 seriesColin McRae Rally seriesOperation Flashpoint seriesGrid series,Former subsidiary of Reliance Entertainment; developer/publisher
119,Cohort Studios,Cardiff,Wales,United Kingdom,Buzz! Junior series,
120,Coktel Vision,Paris,,France,Inca series,Former publisher
122,Compile Heart,Tokyo,,Japan,Hyperdimension Neptunia franchiseMary Skelter seriesRecord of Agarest War,Developer/publisher; subsidiary of Idea Factory
124,Core Design,Derby,England,United Kingdom,Tomb Raider series,Subsidiary of Eidos Interactive; closed down in 2006
125,Crafts & Meister,Osaka,,Japan,Gundam Breaker series,
126,Crawfish Interactive,Croydon,England,United Kingdom,,Defunct in 2002
127,Creat Studios,Canton,Massachusetts,United States,American Chopper 2: Full Throttle,
128,Creative Assembly,Horsham,England,United Kingdom,Total War seriesAlien: Isolation,Acquired by Sega in 2005
129,Creatures,Tokyo,,Japan,Pokémon Ranger seriesDetective Pikachu,
130,Criterion Games,Guildford,England,United Kingdom,Burnout series,Subsidiary of Electronic Arts
132,Cryo Interactive,Paris,,France,DuneEgypt series,Bankrupt in 2002
133,Culture Brain Excel,Tokyo,,Japan,Hiryū no Ken seriesSuper Chinese series,
134,Crea-Tech,Tokyo,,Japan,Metal Max series,
135,Cryptic Studios,Los Gatos,California,United States,City of HeroesChampions OnlineStar Trek Online,Subsidiary of Perfect World
136,Crystal Dynamics,Redwood City,California,United States,Legacy Of Kain seriesTomb Raider series (second era),Acquired by Square Enix in 2009
137,Crytek,Frankfurt,,Germany,Far CryCrysis seriesRyse: Son of Rome,
138,Crytek UK,Nottingham,England,United Kingdom,TimeSplitters series,Founded as Free Radical Design; acquired by Crytek in 2009; defunct in 2014
139,Cyan Worlds,Mead,Washington,United States,Myst series,
140,Cyanide,Nanterre,,France,Pro Cycling Manager series,Acquired by Bigben Interactive (latterly Nacon) in 2018
141,CyberConnect2,Fukuoka,,Japan,.hack franchise .hack series .hack//G.U. series Naruto: Ultimate Ninja seriesDragon Ball Z: Kakarot,
142,Cyberlore Studios (Blueline Simulations),Northampton,Massachusetts,United States,Majesty: The Fantasy Kingdom Sim,Developer of computer games
143,CyberStep,Tokyo,,Japan,GetAmpedCosmic BreakGetAmped2Onigiri,Developer/publisher of global online games
144,Cygames,Tokyo,,Japan,The Idolmaster Cinderella Girls seriesGranblue Fantasy seriesShadowversePrincess Connect! seriesDragalia Lost,Subsidiary of CyberAgent
145,Dambuster Studios,Nottingham,England,United Kingdom,Homefront: The RevolutionDead Island 2,Formed by former employees of Crytek UK; acquired by Koch Media in 2014 and managed by its Deep Silver division
146,Danger Close Games,Los Angeles,California,United States,Medal of Honor series,Subsidiary of Electronic Arts; defunct in 2013
147,Day 1 Studios,Chicago,Illinois,United States,Axis & Allies seriesMechAssault series,Merged with WarGaming
148,Daybreak Game Company,San Diego,California,United States,EverQuest seriesPlanetSide seriesH1Z1 series,Acquired by Enad Global 7 in 2020.
149,Deadline Games,Copenhagen,,Denmark,Total OverdoseWatchmen: The End Is NighFaith and a .45,
150,Deck13,Frankfurt,,Germany,Ankh seriesThe Surge series,Acquired by Focus Home Interactive in 2020.
151,Deep Silver Volition,Champaign,Illinois,United States,Saints Row seriesRed Faction series,Acquired by Koch Media in 2013 and managed by its Deep Silver division
152,Demiurge Studios,Cambridge,Massachusetts,United States,,acquired by Sega in 2015
153,DeNA,Tokyo,,Japan,Final Fantasy Record KeeperPokémon MastersMario Kart Tour,
154,devCAT Studios (Nexon development 3rd division),Seoul,,South Korea,MabinogiVindictus,Division of Nexon Korea
155,Developer House (Developer House Technology PVT LTD),Panchkula,,India,,
156,Dhruva Interactive,Bangalore,,India,,Acquired by Starbreeze Studios in 2016 and then they were acquired by Rockstar Games and were merged into Rockstar India in 2019
157,Die Gute Fabrik,Copenhagen,,Denmark,Where is my Heart?JoustSportsfriends,
158,Digital Extremes,London,Ontario,Canada,Warframe,"Subsidiary of Leyou; Founded by James Schmalz, co-creator of Unreal series."
159,Digital Eclipse,Emeryville,California,United States,,Division of Other Ocean Group
160,Digitalmindsoft,Ulm,,Germany,Men of War series,
161,Digital Reality,Budapest,,Hungary,Imperium Galactica series,Defunct in 2013; their assets were acquired by Nordic Games
162,Dimps,Osaka,,Japan,Street Fighter IVDragon Ball Z: Budokai seriesDragon Ball Xenoverse seriesSword Art Online: Fatal Bullet,
163,Disney Interactive Studios,Glendale,California,United States,,Publisher and subsidiary of The Walt Disney Company; closed in 2016
164,Dontnod Entertainment,Paris,,France,Life Is Strange seriesTell Me Why,
165,DotEmu,Paris,,France,Wonder Boy: The Dragon's Trap Streets of Rage 4,
166,Double Fine Productions,San Francisco,California,United States,PsychonautsBroken AgeGang Beasts,Founded by former employees of LucasArts; acquired by Microsoft in 2019
167,Dynamix,Eugene,Oregon,United States,Red BaronFront Page Sports seriesBetrayal at KrondorTribes seriesMechWarrior,Closed in 2001
168,Dovetail Games,Chatham,England,United Kingdom,Train Simulator franchise,
169,The Dovetail Group,,,United States,,Early developer of music video games
170,EA Black Box,British Columbia,,Canada,Skate series,Subsidiary of Electronic Arts; closed in 2013
171,EA Digital Illusions CE (EA DICE),Stockholm,,Sweden,Battlefield seriesMirror's Edge,Acquired by Electronic Arts in 2004
172,EA Gothenburg,Gothenburg,,Sweden,Need for Speed Payback,Subsidiary of Electronic Arts
173,EA Vancouver (formerly Distinctive Software),Burnaby,British Columbia,Canada,Test DriveSSX series,Acquired by Electronic Arts in 1991
174,Eat Sleep Play,Salt Lake City,Utah,United States,Twisted Metal series,Defunct in 2017
175,Eko Software,Paris,,France,,Acquired by Bigben Interactive (latterly Nacon) in 2018
176,Egosoft,Würselen,,Germany,X series,
177,Eden Games,Lyon,,France,Test Drive Unlimited series,Former subsidiary of Atari SA
178,Eighting,Tokyo,,Japan,Kururin seriesKamen Rider: Climax seriesKamen Rider: Battride War seriesMarvel vs. Capcom 3: Fate of Two Worlds,Acquired by COLOPL
179,Electronic Arts,Redwood City,California,United States,FIFA seriesNeed For Speed seriesPlants vs. Zombies series Apex Legends,Developer/publisher/distributor
180,EA Sports,Redwood City,California,United States,FIFA seriesNeed For Speed seriesPlants vs. Zombies series Apex Legends,Developer/publisher/distributor
181,Elemental Games,Vladivostok,,Russia,Space Rangers,Defunct in 2015
182,Engine Software,Doetinchem,,Netherlands,,Also middleware developer
183,Ensemble Studios,Dallas,Texas,United States,Age of Empires seriesAge of MythologyHalo Wars,Former subsidiary of Microsoft Studios
184,Epic Games,Cary,North Carolina,United States,Unreal seriesGears of War seriesShadow ComplexInfinity Blade seriesFortnite,"Developer, publisher, and distributor"
185,Epics,Tokyo,,Japan,PoPoLoCrois series,
186,Epicenter Studios,Sherman Oaks,California,United States,Real Heroes: Firefighter,
187,Epyx,San Francisco,California,United States,California Games seriesImpossible Mission seriesJumpman seriesPitstop seriesSummer Games series,"Developer/publisher, defunct 1993"
188,ESA (formerly Softmax),Seoul,,South Korea,TalesWeaver,ESA left from game business. The former employees formed Studio 4Leaf and the studio was acquired by NextFloor [ko].
189,Étranges Libellules,Lyon,,France,Asterix & Obelix XXL,
190,Eugen Systems,Paris,,France,Act of War seriesWargame seriesSteel Division series,
192,Evolution Studios,Runcorn,England,United Kingdom,World Rally Championship seriesMotorStorm series,Division of SIE Worldwide Studios and subsidiary of Sony Computer Entertainment; defunct in 2016
193,Examu,Tokyo,,Japan,Arcana Heart series,Their business operations were suspended in 2020 and their business was taken over by Team Arcana.
194,Eyedentity Games,Seoul,,South Korea,Dragon Nest,Acquired by Shanda Games (currently Shengqu Games) in 2010
195,F4,Paris,,France,Empire of Sports,
197,FarSight Studios,Big Bear Lake,California,United States,The Pinball Arcade,
198,FASA Studio,Redmond,Washington,United States,MechCommander seriesMechWarrior 4,defunct in 2007
199,Fatshark,Stockholm,,Sweden,War of the RosesWarhammer: Vermintide series,Subsidiary of Tencent
200,feelplus,Tokyo,,Japan,No More Heroes: Heroes' Paradise,Merged into AQ Interactive
201,Felistella,Gifu,,Japan,Summon Night 5,
202,Firaxis Games,Sparks,Maryland,United States,Civilization series (part 3 and later)XCOM (Reboot) series,Subsidiary of 2K Games; founded by former employees of MicroProse.
204,Firesprite,Liverpool,England,United Kingdom,,Formed by former employees of SCE Studio Liverpool
205,First Star Software,Chappaqua,New York,United States,,Defunct in 2018. Their name and assets were acquired by BBG Entertainment
206,Flagship Studios,San Francisco,California,United States,Hellgate:LondonMythos,Closed down in 2008
207,Flight-Plan,Gifu,,Japan,Black/Matrix seriesSummon Night series,Defunct in 2010
209,Focus Home Interactive,Paris,,France,Cities XL series (2011 and later),
210,Foundation 9 Entertainment,Emeryville,California,United States,,Dissolved in 2016
211,Fox Digital Entertainment,Los Angeles,California,United States,,"Subsidiary of 20th Century Studios. The company still exists, but 20th Century Fox's video game business was rearranged to FoxNext."
212,FoxNext,Los Angeles,California,United States,Marvel Strike Force,Division of 20th Century Studios. The company still exists but their game development studios were acquired by Scopely in 2020.
215,FromSoftware,Tokyo,,Japan,Armored Core series Souls series  Demon's Souls Dark Souls series BloodborneSekiro: Shadows Die Twice,Subsidiary of Kadokawa Corporation
217,Frozenbyte,Helsinki,,Finland,Shadowgrounds seriesTrine series,
218,FTL Games,San Diego,California,United States,Dungeon Master series,Closed in 1982
219,FUN Labs,Bucharest,,Romania,MIB: Alien CrisisCabela's series,
220,Funcom,Oslo,,Norway,The Longest Journey seriesAnarchy OnlineAge of ConanThe Secret WorldConan Exiles,Developer/publisher; acquired by Tencent in 2020
221,FuRyu,Tokyo,,Japan,Unchained Blades seriesBeyblade Burst seriesCardfight!! Vanguard series,
222,Futuremark,Espoo,,Finland,Shattered Horizon,Their game development division was acquired by Rovio Entertainment. Futuremark itself was acquired by UL and was merged into them.
223,Gaijin Entertainment,Moscow,,Russia,War ThunderIL-2 Sturmovik: Birds of Prey,
224,Game Arts,"Chiyoda, Tokyo",,Japan,Thexder seriesLunar seriesGrandia series,Acquired by GungHo Online Entertainment in 2005.
225,Game Freak,"Setagaya-ku, Tokyo",,Japan,Pokémon series,
226,GameHouse,Seattle,Washington,United States,Delicious series,"Casual game developer, publisher and portal; acquired by RealNetworks"
227,Gameloft,Paris,,France,Modern Combat: DominationOrder & Chaos OnlineAssassin's Creed (for mobile)Asphalt,Subsidiary of Vivendi; developer/publisher of mobile games
228,Ganbarion,Fukuoka,,Japan,One Piece seriesJump Super Stars seriesWii Fit UDragon Ball Fusions,
229,Gearbox Software,Plano,Texas,United States,Brothers In Arms seriesBorderlands seriesHalf-Life: Opposing Force,
230,Geewa,Prague,,Czech Republic,,
231,Genius Sonority,Tokyo,,Japan,Pokémon Colosseum seriesPokémon Trozei! seriesThe Denpa Men series,
232,Genki,"Shinjuku, Tokyo",,Japan,Shutokou Battle series,Subsidiary of Daikoku Denki [ja]
233,Glu Mobile,San Francisco,California,United States,Deer Hunter series,Developer and publisher of mobile games
235,Good-Feel,Kobe,,Japan,Kirby's Epic YarnYoshi's Woolly WorldYoshi's Crafted World,Founded by former employees of Konami
236,Granzella,Nonoichi,,Japan,Disaster Report 4 Plus: Summer Memories,Founded by former Irem employees
237,Grasshopper Manufacture,"Chiyoda, Tokyo",,Japan,"The Silver CaseFlower, Sun, and Rainkiller7No More Heroes seriesShadows of the DamnedLollipop ChainsawKiller Is DeadLet It Die",Founded by Suda51; acquired by GungHo Online Entertainment in 2013
238,Gravity,Seoul,,South Korea,Ragnarok Online,Acquired by GungHo Online Entertainment
239,Gray Matter Interactive,Los Angeles,California,United States,Call of Duty: United Offensive,Merged into Treyarch in 2005
240,Gremlin Interactive,Sheffield,England,United Kingdom,Zool and Premier Manager,Taken over by Infogrames in 1999 studio closed in 2003
241,Grezzo,"Shibuya, Tokyo",,Japan,The Legend of Zelda: Ocarina of Time 3DThe Legend of Zelda: Majora's Mask 3DThe Legend of Zelda: Tri Force HeroesEver OasisThe Legend of Zelda: Link's Awakening (2019 Remake),Second-party developer of Nintendo
242,Grinding Gear Games,Auckland,,New Zealand,Path of Exile,Acquired by Tencent
243,Griptonite Games,Kirkland,Washington,United States,Marvel Super Hero Squad: Comic Combat,Acquired by Glu Mobile
244,GSC Game World,Kyiv,,Ukraine,S.T.A.L.K.E.R series,"Defunct in 2011, reopened in 2014"
245,Guerrilla Cambridge,Cambridge,England,United Kingdom,MediEvil series,Branch of Guerrilla Games and division of SIE Worldwide Studios; closed in 2017
246,Guerrilla Games,Amsterdam,,Netherlands,Killzone seriesHorizon Zero Dawn,Division of SIE Worldwide Studios since 2004
247,Gunfire Games,Austin,Texas,United States,Darksiders IIIRemnant: From the Ashes,Formed by former employees of Vigil Games; acquired by THQ Nordic in 2019
248,GungHo Online Entertainment,"Chiyoda, Tokyo",,Japan,Puzzle & Dragons series,Developer/publisher
249,Gust,Nagano,,Japan,Atelier seriesFairy Tail,Became a division of Koei Tecmo Games in 2014
251,HAL Laboratory,"Chiyoda, Tokyo",,Japan,Kirby series Earthbound/Mother seriesPokémon Snap,Developer closely associated with Nintendo
252,Halfbrick,Brisbane,Queensland,Australia,Fruit Ninja seriesJetpack Joyride,Mobile game developer/publisher
253,Hanaho,Cerritos,California,United States,,
254,h.a.n.d.,Sapporo,,Japan,Aikatsu! seriesKingdom Hearts 358/2 DaysDisney Magical World series,
255,Hangar 13,Novato,California,United States,Mafia III,Subsidiary of 2K Games
256,Harebrained Schemes,Seattle,Washington,United States,Shadowrun ReturnsShadowrun: DragonfallShadowrun: Hong Kong,Acquired by Paradox Interactive in 2018
257,Harmonix Music Systems,Cambridge,Massachusetts,United States,Guitar Hero seriesRock Band seriesDance Central series,Former subsidiary of Viacom
258,Headstrong Games,London,England,United Kingdom,Battalion Wars seriesArt Academy series,Subsidiary of Kuju Entertainment; defunct in 2017
259,Heartbeat,Tokyo,,Japan,Dragon Quest VI–VII,
260,HB Studios,Lunenburg,Nova Scotia,Canada,The Golf Club series,
261,HeroCraft,Kaliningrad,,Russia,"Warhammer 40,000: Space Wolf",
262,High Impact Games,Burbank,California,United States,Ratchet & Clank: Size MattersSecret Agent ClankJak and Daxter: The Lost Frontier,Founded by former employees of Insomniac Games & Naughty Dog
263,High Moon Studios,San Diego,California,United States,Transformers: War for Cybertron seriesDeadpool,Subsidiary of Activision
264,High Voltage Software,Hoffman Estates,Illinois,United States,The Conduit series,
266,Hothead Games,Vancouver,British Columbia,Canada,DeathSpankSwarm,Founded by former employees of Radical Entertainment
267,Housemarque,Helsinki,,Finland,Super Stardust,
268,Hudson Soft,Tokyo,,Japan,Bomberman seriesAdventure Island seriesFar East of Eden seriesMomotaro Dentetsu seriesMario Party series,Developer/publisher; acquired and dissolved by Konami
269,Human Entertainment,Tokyo,,Japan,Fire Pro Wrestling seriesFormation Soccer seriesTwilight Syndrome series,
270,Human Head Studios,Madison,Wisconsin,United States,RunePrey,
271,Humongous Entertainment,Bothell,Washington,United States,Fatty Bear's Birthday SurprisePutt-Putt seriesFreddi Fish seriesPajama Sam seriesSpy Fox seriesBackyard Sports series,Former subsidiary of Infogrames; closed in 2006; their assets and brand were acquired by Tommo and relaunched in 2013
272,Hyperion Entertainment,Brussels,,Belgium,,
274,id Software,Mesquite,Texas,United States,Wolfenstein seriesDoom seriesQuake series,"Acquired by ZeniMax Media on June 24, 2009"
275,Idea Factory,"Shibuya, Tokyo",,Japan,Amnesia series,Developer/publisher
276,Idol Minds,Westminster,Colorado,United States,Cool Boarders 3–4PainNeopets:  Darkest FaerieRally Cross,
277,Imageepoch,Tokyo,,Japan,Luminous Arc seriesFate/Extra series,Defunct in 2016
279,Imagineer,Tokyo,,Japan,Shape Boxing series,
280,Infinity Ward,Woodland Hills,California,United States,Call of Duty series,Acquired by Activision in 2003.
281,Infocom,Cambridge,Massachusetts,United States,Zork seriesPlanetfall seriesThe Hitchhiker's Guide to the GalaxyLeather Goddesses of Phobos,Closed in 1989.
282,Incognito Entertainment,Salt Lake City,Utah,United States,Twisted Metal seriesWarhawk (2007),Formed by former employees of SingleTrac; subsidiary of SCE Worldwide Studios; defunct in 2009
283,Incredible Technologies,Arlington Heights,Illinois,United States,Golden Tee Golf,"Defunct in 2016; arcade game designer, arcade game manufacturer"
284,indieszero,Musashino,,Japan,Cooking Guide: Can't Decide What to Eat?,
285,Innerloop Studios,Oslo,,Norway,Project I.G.I. series,Defunct in 2003
286,Insomniac Games,Burbank,California,United States,Spyro the Dragon seriesRatchet & Clank seriesResistance seriesSunset OverdriveSpider-Man (2018),Acquired by Sony Interactive Entertainment in 2019 as a division of SIE Worldwide Studios
287,Intelligent Systems,Tokyo,,Japan,Fire Emblem franchiseAdvance Wars seriesPaper Mario seriesPuzzle League series,Developer closely associated with Nintendo
288,Interplay Entertainment,Beverly Hills,California,United States,Earthworm Jim seriesClayFighter seriesWastelandFallout seriesThe Bard's Tale series,Developer/publisher
290,inXile Entertainment,Newport Beach,California,United States,Wasteland 2The Bard's Tale IV: Barrows Deep,Founded by one of Interplay Entertainment founders; acquired by Microsoft Studios in 2018
291,IO Interactive,Copenhagen,,Denmark,Hitman seriesKane & Lynch series,"Subsidiary of Square Enix until 2017 when they dropped IO, they then became independent"
292,Ion Storm,Dallas,Texas,United States,DaikatanaAnachronox,Shut down in 2001; subsidiary of Eidos Interactive
293,Ion Storm Austin,Austin,Texas,United States,Deus ExThief: Deadly Shadows,Shut down in 2005; subsidiary of Eidos Interactive
294,Irem,Hakusan,,Japan,R-Type seriesDisaster Report series,Subsidiary of Eizo
295,Iron Galaxy Studios,Chicago,Illinois,United States,DivekickBorderlands 2 (PSVita),
296,Iron Lore Entertainment,Maynard,Massachusetts,United States,"Titan Quest seriesWarhammer 40,000: Dawn of War – Soulstorm",Defunct in 2008
297,Irrational Games,Quincy,Massachusetts,United States,System Shock 2Freedom Force seriesBioShock series,Subsidiary of 2K Games; defunct in 2017. Their main employees moved to Ghost Story Games.
298,Ivory Tower,Lyon,,France,The Crew series,Subsidiary of Ubisoft; founded by former employees of Eden Games
299,Jadestone Group,Stockholm,,Sweden,,"Subsidiary of WMS Industries; Online game developer, mobile game developer"
301,Jaleco,Tokyo,,Japan,Idol Janshi Suchie-Pai series,Acquired by Game Yarou in 2009 and defunct in 2014
302,Jam City,Los Angeles,California,United States,Harry Potter: Hogwarts Mystery,Subsidiary of Netmarble; mobile game developer
303,Javaground,Irvine,Massachusetts,United States,God of War: Betrayal,Mobile game developer
304,Jupiter,Kyoto,,Japan,Picross seriesPokémon Pinball series,
305,JV Games,Las Vegas,Nevada,United States,,
306,Kairosoft,Tokyo,,Japan,Game Dev Story,
307,Kalypso Media,Worms,,Germany,Tropico series,Developer/publisher
308,Kaos Studios,New York City,New York,United States,Frontlines: Fuel of WarHomefront,Subsidiary of THQ
310,Kesmai,Charlottesville,Virginia,United States,Island of Kesmai,Subsidiary of Electronic Arts; closed in 2001
311,Kiloo Games,Aarhus,,Denmark,Subway SurfersFrisbee Forever,Mobile game developer
312,King,Stockholm,,Sweden,Candy Crush series,Subsidiary of Activision Blizzard; Mobile game developer
313,Koei Tecmo Games (formerly Koei),Ashikaga,,Japan,Warriors franchise Dynasty Warriors series Samurai Warriors series Warriors Orochi series Trilogy of Histories franchise  Nobunaga's Ambition series Romance of the Three Kingdoms series Genghis Khan series Ninja Gaiden seriesDead or Alive franchiseNioh seriesHaruka seriesFire Emblem: Three Houses,Developer/publisher; subsidiary of Koei Tecmo Holdings
314,KOG Studios,Seoul,,South Korea,Elsword,
315,Kojima Productions,Tokyo,,Japan,Death Stranding,
316,Konami,Tokyo MidtownMinato,,Japan,Gradius seriesContra seriesMetal Gear seriesCastlevania seriesPro Evolution Soccer seriesSilent Hill seriesTwinBee seriesBemani seriesPower Pros seriesProfessional Baseball Spirits seriesMystical Ninja seriesTokimeki Memorial seriesLovePlus seriesSuikoden series,Developer/publisher
317,Kongzhong,Beijing,,China,,
318,Krome Studios,Brisbane,Queensland,Australia,The Legend of Spyro: A New Beginning,Defunct
319,Krome Studios Melbourne,Melbourne,Victoria,Australia,Horace series,Defunct
320,Kuju Entertainment,Shalford,England,United Kingdom,Microsoft Train Simulator,Subsidiary of Catalis SE
322,Kush Games,Camarillo,California,United States,,
323,Kuma Reality Games,New York City,New York,United States,,
324,Kylotonn,Paris,,France,WRC 5–V-Rally 4,Acquired by Bigben Interactive (latterly Nacon) in 2018
326,Legacy Interactive,Los Angeles,California,United States,Emergency Room series,
327,Legend Entertainment,Chantilly,Virginia,United States,Spellcasting seriesSuperhero League of HobokenThe Wheel of TimeUnreal II,Closed in 2004.
328,Legendo Entertainment,Gothenburg,,Sweden,,Developer/publisher
329,Level-5,Fukuoka,,Japan,Dark Cloud seriesRogue GalaxyProfessor Layton seriesInazuma Eleven seriesNi no Kuni seriesYo-Kai Watch franchiseFantasy Life seriesThe Snack WorldDragon Quest VIII–IX,Developer/publisher and founded by Akihiro Hino
330,Lift London,London,England,United Kingdom,videogame developer for Microsoft Hololens,Subsidiary by Microsoft Studios in 2018
331,Limbic Entertainment,Langen,,Germany,Might & Magic X: LegacyMight & Magic Heroes VIITropico 6,
332,Lionhead Studios,Guildford,England,United Kingdom,Black & White seriesFable series,Closed by Microsoft Studios in 2016
333,Liquid Entertainment,Pasadena,California,United States,Battle Realms,Dissolved in 2018
335,LK Avalon,"Świlcza, Rzeszów",,Poland,Hans KlossSchizm: Mysterious Journey,
337,Linden Lab,San Francisco,California,United States,Second Life,
338,Locomotive Games,Santa Clara,California,United States,Jet Moto 3,Defunct in 2008
339,Looking Glass Studios,Cambridge,Massachusetts,United States,Ultima Underworld seriesSystem Shock seriesThief series,
340,Love-de-Lic,Tokyo,,Japan,Moon: Remix RPG Adventure,Formed by former employees of Square
341,LucasArts,San Francisco,California,United States,Maniac MansionSam & Max Hit the RoadDay of the TentacleMonkey Island seriesThe DigFull ThrottleGrim FandangoStar Wars: The Force Unleashed seriesStar Wars: Battlefront series,"Publisher and former developer; closed as developer of April 3, 2013 by Disney"
342,Luma Arcade,Johannesburg,,South Africa,,Division of Luma Animation
343,Luxoflux,Santa Monica,California,United States,True Crime series,
344,MachineGames,Uppsala,,Sweden,Wolfenstein series,Founded by former employees of Starbreeze Studios; acquired by ZeniMax Media in 2010
345,Magenta Software,Liverpool,England,United Kingdom,Buzz! Junior series,
346,MAGES.,"Shibuya, Tokyo",,Japan,Science Adventure franchise Steins;Gate series Robotics;Notes series Chaos;Child series,Acquired by COLOPL in 2020. Former subsidiary of Dwango.
347,Majesco Entertainment,Edison,New Jersey,United States,,"Defunct December 8, 2016"
348,Marvelous,"Shibuya, Tokyo",,Japan,Senran Kagura seriesSoul Sacrifice series Story of Seasons franchise  Rune Factory series Fate/Extella seriesKandagawa Jet GirlsDaemon X MachinaSuper Monkey Ball: Banana Splitz,Developer/publisher
349,Massive Entertainment,Malmö,,Sweden,Ground ControlWorld In ConflictTom Clancy's The Division series,Founded in 1997; former subsidiary of Activision and acquired by Ubisoft in 2008
350,Masthead Studios,Sofia,,Bulgaria,Earthrise,
351,Matrix Software,Tokyo,,Japan,Omega Labyrinth seriesBrigandine: The Legend of Runersia,
352,Maxis,Emeryville,California,United States,The Sims seriesSimCity series,Became a subsidiary of Electronic Arts in 1997
353,Mean Hamster Software,Deer Park,Washington,United States,,
354,Media Molecule,Guildford,England,United Kingdom,LittleBigPlanet seriesTereaway,Founded by former employees of Lionhead Studios; division of SIE Worldwide Studios since 2010
355,Media.Vision,Tokyo,,Japan,Wild Arms seriesChaos Rings seriesDigimon Story: Cyber SleuthSummon Night 6,
356,Mediatonic,London,England,United Kingdom,Robot Unicorn AttackFable Fortune,
357,MegaZebra,Munich,,Germany,,
358,Mercury Steam,Madrid,,Spain,Castlevania: Lords of Shadow series,
359,Metropolis Software,Warsaw,,Poland,TeenagentGorky 17Infernal,Studio was bought by CD Projekt in 2008 and closed in 2009.
360,MicroProse Software,Hunt Valley,Maryland,United States,Silent ServiceGunshipPirates!Railroad TycoonCivilization series,
361,Microsoft Games Studio,Redmond,Washington,United States,SolitaireMahjongMinesweeperWordament,Subsidiary by Microsoft Studios
362,Microsoft,Redmond,Washington,United States,SolitaireMahjongMinesweeperWordament,Subsidiary by Microsoft Studios
363,Midway Games,Chicago,Illinois,United States,Mortal Kombat series,"As of 2012, Midway is a corporation existing under Delaware law subject to a Chapter 11 bankruptcy liquidation plan"
364,Midway Studios – Newcastle,Gateshead,England,United Kingdom,Test Drive 4–6,Defunct in 2009
365,miHoYo,Shanghai,,China,Guns GirlHonkai Impact 3rdGenshin Impact,"Developer and publisher; founded by Cai Haoyu, Liu Wei, and Luo Yuhao, three former students from Shanghai Jiao Tong University"
366,Milestone,"Suginami, Tokyo",,Japan,Chaos Field series,
367,Milestone srl,Milan,,Italy,Superbike seriesMotoGP seriesWRC 1–4MXGP seriesRide series,Acquired by Koch Media in 2019
368,Mimimi Games,Munich,,Germany,Desperados III,
369,Mistwalker,Tokyo,,Japan,Blue Dragon,
370,Mitchell Corporation,Tokyo,,Japan,PolariumPuzz Loop series,
371,MLB Advanced Media,New York City,New York,United States,R.B.I. Baseball 18,
373,Mojang AB,Stockholm,,Sweden,MinecraftScrollsCobalt,"Former Indie developer and publisher; acquired by Microsoft on September 15, 2014"
374,Monolith Productions,Kirkland,Washington,United States,F.E.A.R. seriesMiddle-earth: Shadow of Mordor Middle-earth: Shadow of War,Acquired by Warner Bros. Interactive Entertainment in 2004
375,Monolith Soft,Tokyo,,Japan,Xenosaga seriesXenoblade Chronicles seriesProject X Zone series,Founded by Tetsuya Takahashi and former subsidiary of Namco; acquired by Nintendo as a first-party developer and subsidiary in 2007
376,Monster Games,Northfield,Minnesota,United States,NASCAR Heat series,
377,Monte Cristo,Paris,,France,City Life seriesCities XL,Defunct in 2010
379,MTO,Yokohama,,Japan,GT Advance series,
380,Mythic Entertainment,Fairfax,Virginia,United States,Dark Age of Camelot,Acquired by Electronic Arts in 2006 and closed in 2014
381,Nadeo,Paris,,France,TrackMania,Acquired by Ubisoft in 2009
382,Namco Tales Studio,Tokyo,,Japan,Tales series,Originally it was division or subsidiary of Telenet Japan but it became a jointly-owned company of Namco and Telenet Japan
383,Namco,Tokyo,,Japan,Tales series,Originally it was division or subsidiary of Telenet Japan but it became a jointly-owned company of Namco and Telenet Japan
384,Namco Bandai,Tokyo,,Japan,Tales series,Originally it was division or subsidiary of Telenet Japan but it became a jointly-owned company of Namco and Telenet Japan
385,Nanobit,Zagreb,,Croatia,,
386,NAPS team,Messina,,Italy,Gekido series,NAPS team is the oldest Italian development studio
387,Natsume,"Shinjuku, Tokyo",,Japan,Harvest Moon seriesMetabots series,
388,NaturalMotion,London,England,United Kingdom,Backbreaker series,Acquired by Zynga
389,Naughty Dog,Santa Monica,California,United States,Crash Bandicoot seriesJak and Daxter seriesUncharted seriesThe Last of Us series,Division of SIE Worldwide Studios since 2001
390,NCSoft,Seoul,,South Korea,AionLineage seriesBlade & Soul,Online game developer/publisher
391,NDcube,Tokyo,,Japan,Wii Party seriesMario Party seriesClubhouse Games: 51 Worldwide Classics,Subsidiary of Nintendo
392,NDOORS Corporation,Seoul,,South Korea,Atlantica Online,Developer/publisher; subsidiary of Nexon; merged into Nexon Red in 2017
393,Neko Entertainment,Montreuil-sous-Bois,,France,CocotoThe Mysterious Cities of Gold: Secret PathsKung Fu RabbitPuddle,Developer/publisher; defunct in 2017
394,Nerve Software,Richardson,Texas,United States,,
395,NetDevil,Louisville,Colorado,United States,LEGO Universe,
396,NetDragon Websoft,Fuzhou,,China,Disney Fantasy Online,
397,NetEase,Guangzhou,,China,Fantasy Westward Journey,"Developer, publisher, and online services company"
398,NetherRealm Studios,Chicago,Illinois,United States,Mortal Kombat seriesInjustice: Gods Among Us Injustice 2,Successor to Midway Games; Subsidiary of Warner Bros. Interactive Entertainment
399,Neverland,Tokyo,,Japan,Rune Factory series,
400,Neversoft,Woodland Hills,California,United States,Guitar Hero seriesTony Hawk seriesGun,Acquired by Activision in 1999; merged into Infinity Ward in 2014
401,Nevosoft,St. Petersburg,,Russia,,
402,New World Computing,Agoura Hills,California,United States,Might and Magic franchise Heroes of Might and Magic series,
403,New World Interactive,Denver,Colorado,United States,Insurgency,Acquired by Embracer Group in 2020
404,NexonNexon Korea,TokyoSeoul,,JapanSouth Korea,MapleStoryMabinogiVindictusAtlantica Online,"Online video game developer, publisher and distributor; moved its headquarters from Korea to Japan."
405,Next Level Games,Vancouver,British Columbia,Canada,Super Mario StrikersLuigi's Mansion: Dark MoonLuigi's Mansion 3Spider-Man: Friend or Foe,
406,Niantic,San Francisco,California,United States,IngressPokémon Go,
407,Nibris,Kraków,,Poland,,
409,Nihon Falcom,Tokyo,,Japan,Ys seriesDragon Slayer series The Legend of Heroes franchise  Xanadu series The Legend of Heroes: Trails of Cold Steel series Zwei!!Zwei: The Ilvard InsurrectionBrandishVantage MasterGurumin: A Monstrous Adventure,Developer/publisher
410,Nikita Online,St. Petersburg,,Russia,,
411,Nimble Giant Entertainment,Buenos Aires,,Argentina,Regnum OnlineMaster of Orion: Conquer the Stars,Acquired by Embracer Group in 2020.
412,Ninjabee,Orem,Utah,United States,,Division of Wahoo Studios
413,Ninja Theory,Cambridge,England,United Kingdom,Heavenly SwordEnslaved: Odyssey to the WestDmC: Devil May CryHellblade: Senua's Sacrifice,Former Indie developer and publisher; acquired by Microsoft Studios in 2018
414,Nintendo,Kyoto,,Japan,Super Mario franchiseThe Legend of Zelda franchisePokémon franchiseFire Emblem franchiseSplatoon seriesMetroid franchiseKid Icarus seriesPikmin seriesXenoblade Chronicles seriesAnimal Crossing seriesF-Zero seriesStar Fox seriesKirby franchiseMother seriesSuper Smash Bros. seriesTomodachi seriesBrain Age seriesWave Race series,First-party developer/publisher/console manufacturer
415,Nippon Ichi Software,Kakamigahara,,Japan,Rhapsody: A Musical AdventureLa Pucelle: TacticsDisgaea seriesPhantom BraveGrimGrimoireHotaru no Nikki,Developer/publisher
416,Nival,St. Petersburg,,Russia,Etherlords seriesBlitzkrieg seriesHeroes of Might and Magic V,
417,Nordeus,Belgrade,,Serbia,Top Eleven Football Manager,Developer/publisher
418,NovaLogic,Agoura Hills,California,United States,Delta Force seriesJoint Operations series,Their assets were acquired by THQ Nordic
419,Novarama,Barcelona,,Spain,Invizimals series,
420,Now Production,Osaka,,Japan,Mario Super SluggersSonic Riders,
421,Nude Maker,Tokyo,,Japan,Steel Battalion seriesInfinite SpaceNightCry,Formed by former employees of Human Entertainment
422,n-Space,Orlando,Florida,United States,"Heroes of RuinPort for various video games, include Call of Duty series",
423,Obsidian Entertainment,Irvine,California,United States,Fallout New VegasNeverwinter Nights 2Dungeon Siege IIISouth Park: The Stick of TruthPillars of EternityThe Outer Worlds,Acquired by Microsoft Studios in 2018
424,Oddworld Inhabitants,San Luis Obispo,California,United States,Oddworld series,
425,Omega Force,Ashikaga,,Japan,Warriors franchise Dynasty Warriors series Dynasty Warriors: Gundam series Samurai Warriors series Warriors Orochi series One Piece: Pirate Warriors series Hyrule Warriors Fire Emblem Warriors Dragon Quest Heroes seriesDragon Quest Builders 2Persona 5 Strikers,Division of Koei Tecmo Games
426,Origin Systems,Austin,Texas,United States,Ultima seriesUltima OnlineWing Commander series,Acquired by Electronic Arts in 1992 and closed in 2004
427,OtherSide Entertainment,Boston,Massachusetts,United States,Underworld AscendantSystem Shock 3,Founded by one of Looking Glass Studios founders.
428,Outfit7,Ljubljana,,Slovenia,Talking Tom and Friends franchise,"Acquired by Zhejiang Jinke Entertainment Culture Co., Ltd. in 2017"
429,Outrage Entertainment,Ann Arbor,Michigan,United States,Descent 3,Closed in 2004
430,Overkill Software,Stockholm,,Sweden,Payday series,Acquired by Starbreeze Studios in 2012
431,Oxygen Studios,Croydon,England,United Kingdom,King of Clubs,
432,Page 44 Studios,San Francisco,California,United States,FreekstyleHigh School Musical 3: Senior Year DanceMadden NFL 11 iOSuDraw PictionaryWorld of Goo iOS,Subsidiary of Zynga; closed in 2011.
433,Pangea Software,Austin,Texas,United States,,
434,People Can Fly,Warsaw,,Poland,BulletstormPainkiller,
435,Project Sora,Tokyo,,Japan,Kid Icarus: Uprising,Subsidiary of Nintendo; became defunct in 2012
436,Purple Lamp Studios,Vienna,,Austria,SpongeBob SquarePants: Battle for Bikini Bottom – Rehydrated,Acquired by Embracer Group in 2020.
437,Papaya Studio,Irvine,California,United States,,
438,Project Soul,Tokyo,,Japan,Soul series,Division of Bandai Namco Studios
439,Panther Games Pty Ltd,Canberra,,Australia,Fire-BrigadeCommand Ops: Battles from the Bulge,
440,Paradox Development Studio,Stockholm,,Sweden,Europa Universalis seriesHearts of Iron seriesCrusader Kings series,In-house development studio and subsidiary of Paradox Interactive
441,Parallax Software,Ann Arbor,Michigan,United States,Descent series,Split into Volition and Outrage Entertainment
442,Pandemic Studios,Los Angeles,California,United States,Star Wars: BattlefrontDestroy All Humans! seriesFull Spectrum WarriorMercenaries: Playground of DestructionThe Saboteur,Acquired by Electronic Arts in 2007 and closed in 2009.
443,Pendulo Studios,Madrid,,Spain,Runaway series,
444,Penguin Software,Geneva,Illinois,United States,Transylvania series,
445,Perfect World,Beijing,,China,Perfect World series,Developer/publisher
446,Petroglyph,Las Vegas,Nevada,United States,Star Wars: Empire at WarUniverse at War: Earth AssaultGrey Goo,
447,Phantagram,Seoul,,South Korea,Kingdom Under Fire series,Acquired by Blueside in 2010
448,Phenomic Game Development,Ingelheim am Rhein,,Germany,SpellForce seriesBattleForgeLord of UltimaCommand and Conquer: Tiberium Alliances,Acquired by Electronic Arts in 2006; shut down in 2013
449,Pipeworks Studios,Eugene,Oregon,United States,Godzilla: Destroy All Monsters MeleeDeadliest WarriorZumba Fitness,Subsidiary of Northern Pacific Group
450,Piranha Bytes,Essen,,Germany,Gothic 1–3Risen seriesELEX,Acquired by THQ Nordic in 2019
451,Piranha Games,Vancouver,British Columbia,Canada,MechWarrior 5MechWarrior OnlineBass Pro Shops: The StrikeDie Hard: Nakatomi Plaza,Acquired by Enad Global 7 in 2020.
452,Pi Studios,Houston,Texas,United States,Bomberman Live: Battlefest,
453,Pivotal Games,Bath,England,United Kingdom,Conflict seriesThe Great Escape,
454,Pixel Federation,Bratislava,,Slovakia,Galactic Junk League,Developer/Publisher
455,Playdom,San Francisco,California,United States,,"Facebook, Myspace game developer Subsidiary of The Walt Disney Company; closed in 2016"
456,Playfish,London,England,United Kingdom,The Sims Social,"Facebook, Myspace game developer Acquired by Electronic Arts; closed in 2013"
457,PlayFirst,San Francisco,California,United States,,"Acquired by Glu Mobile in 2014; Casual game developer, publisher and portal"
458,Playground Games,Royal Leamington Spa,England,United Kingdom,Forza Horizon seriesFable (2020),Acquired by Microsoft Studios in 2018
459,PlatinumGames,Osaka,,Japan,MadWorldBayonetta seriesVanquishAnarchy ReignsMetal Gear Rising: RevengeanceThe Wonderful 101Star Fox ZeroNier: AutomataAstral Chain,"Successor to Clover Studio, and founded by Shinji Mikami, Atsushi Inaba, and Hideki Kamiya."
460,Polyphony Digital,Tokyo,,Japan,Gran Turismo seriesTourist Trophy,Division of SIE Worldwide Studios
461,PopCap Games,Seattle,Washington,United States,Bejeweled seriesPlants vs. Zombies seriesPeggle seriesZuma,"Casual game developer, publisher and portal; subsidiary of Electronic Arts since 2011"
462,Press Play,Copenhagen,,Denmark,Max & the Magic MarkerMax: The Curse of Brotherhood,Former subsidiary of Microsoft Studios; defunct in March 2016
463,Psyonix,San Diego,California,United States,Rocket LeagueXCOM: Enemy Unknown,Acquired by Epic Games in 2019
465,Pyro Mobile,Madrid,,Spain,Commandos series,Subsidiary of Zed Group; their assets were acquired by Kalypso Media
466,Q Entertainment,Tokyo,,Japan,Lumines series,Acquired by Sanyo Kasei Seisakusho in 2013 and the parent company was defunct in 2018.
468,Quantic Dream,Paris,,France,FahrenheitHeavy RainBeyond: Two SoulsDetroit: Become Human,
469,Quest Corporation,Tokyo,,Japan,Ogre Battle series,The game development division was acquired by Square in 2002
470,Radical Entertainment,Vancouver,,Canada,Prototype series,Shut down by Activision and dissolved in 2013
471,Rage Games,Liverpool,England,United Kingdom,Incoming series,Defunct in 2003
472,Rainbow Studios,Phoenix,Arizona,United States,MX vs. ATV series,"Acquired by THQ, later closed by THQ"
473,Rare,Twycross,England,United Kingdom,Battletoads seriesDonkey Kong Country seriesKiller Instinct seriesBanjo-Kazooie seriesDonkey Kong 64GoldenEye 007Conker's Bad Fur DayPerfect Dark seriesSea of Thieves,Successor to Ultimate Play the Game; second-party developer for Nintendo; turned; Acquired by Microsoft Studios in 2002 as a first-party developer
474,Raven Software,Middleton,Wisconsin,United States,HereticHexenSingularityCall of Duty seriesStar Wars Jedi Knight II: Jedi OutcastSoldier of Fortune II: Double HelixMarvel: Ultimate Alliance,Acquired by Activision in 1997
475,Ready at Dawn,Irvine,California,United States,DaxterThe Order: 1886DeformersLone Echo,Formed by former members of Naughty Dog and Blizzard Entertainment. Acquired by Facebook in 2020.
476,Red Entertainment,Tokyo,,Japan,Sakura Wars seriesGungrave series,Developer/publisher; acquired by Oizumi Corporation [ja] in 2014
477,Reality Pump Studios,Kraków,,Poland,Two Worlds series,Division of TopWare Interactive
478,Realtime Associates,Los Angeles,California,United States,,
479,Realtime Worlds,Dundee,Scotland,United Kingdom,Crackdown,Closed in 2010
480,Rebellion Developments,Oxford,England,United Kingdom,Aliens vs. Predator seriesSniper Elite series,
481,Rebellion Warwick,Leamington Spa,England,United Kingdom,SkySaga: Infinite Isles,Formed by former employees of Blitz Games Studios; acquired by Rebellion Developments in 2018
482,RedLynx,Helsinki,,Finland,Trials series,Subsidiary of Ubisoft
484,Red Storm Entertainment,Cary,North Carolina,United States,Tom Clancy's Ghost ReconTom Clancy's Rainbow Six,Acquired by Ubisoft in 2000
485,RedTribe (Tribalant),Melbourne,Victoria,Australia,,
486,Reflexive Entertainment,Lake Forest,California,United States,Airport Mania series,Subsidiary of Amazon.com
487,Relic Entertainment,Vancouver,British Columbia,Canada,Company of Heroes seriesWarhammer 40000: Dawn of War seriesHomeworld series,Acquired by Sega in 2013
488,Remedy Entertainment,Espoo,,Finland,Max Payne seriesAlan Wake seriesControl,
489,Respawn Entertainment,"Sherman Oaks, Los Angeles",California,United States,TitanfallApex LegendsStar Wars Jedi: Fallen Order,Acquired by Electronic Arts in 2017.
490,Reto-Moto,Copenhagen,,Denmark,Heroes & Generals,
491,Retro Studios,Austin,Texas,United States,Metroid Prime seriesDonkey Kong Country series,First-party developer and subsidiary of Nintendo
492,Revolution Software,York,England,United Kingdom,Broken Sword seriesBeneath a Steel Sky,
493,Riot Games,Santa Monica,California,United States,League of Legends Legends of Runeterra Valorant,Acquired by Tencent in 2011
494,Rising Star Games,Luton,England,United Kingdom,,Acquired by Thunderful in 2018
495,Robot Entertainment,Plano,Texas,United States,Orcs Must Die! seriesHero Academy seriesAge of Empires Online,
496,Rockstar Games,New York CityBangaloreLeedsLincolnLondonBallardvaleEdinburghCarlsbadOakville,New YorkKarnatakaEnglandScotlandMassachusettsCaliforniaOntario,United States,Grand Theft Auto franchiseManhunt seriesMidnight Club seriesRed Dead seriesBully,Developer/publisher; owned by Take-Two Interactive
497,Rocksteady Studios,London,England,United Kingdom,Batman: Arkham seriesSuicide Squad: Kill the Justice League,Subsidiary of Warner Bros. Interactive Entertainment
498,Robinson Technologies,Hiroshima,,Japan,Dink Smallwood,
500,Ruffian Games,Dundee,Scotland,United Kingdom,Crackdown 2,
501,Runic Games,Seattle,Washington,United States,Torchlight,Subsidiary of Perfect World; closed in 2017
502,Running with Scissors,Tucson,Arizona,United States,Postal series,
504,Sand Grain Studios,Bucharest,,Romania,Cabela's Big Game Hunter: 2004 Season,Dissolved in 2009
505,Sandlot,Tokyo,,Japan,Robot Alchemic DriveEarth Defense Force seriesZangeki no Reginleiv,Formed by former employees of Human Entertainment
506,Sanzaru Games,Foster City,California,United States,Sly Cooper: Thieves in TimeSonic Boom: Shattered CrystalSonic Boom: Fire & Ice,Acquired by Facebook in 2020.
507,Sir-Tech,Ogdensburg,New York,United StatesCanada,Wizardry seriesJagged Alliance series,
509,SCS Software,Prague,,Czech Republic,18 Wheels of Steel seriesEuro Truck Simulator series,
510,Sega,"Ota, Tokyo,San Francisco",California,United States,Sonic the Hedgehog franchiseGolden Axe seriesStreets of Rage seriesThe House of the Dead seriesSuper Monkey Ball seriesPuyo Puyo seriesJet Set Radio seriesPhantasy Star seriesSakura Wars seriesYakuza seriesValkyria Chronicles seriesMushiking seriesHatsune Miku: Project DIVA series,"Third-party (Formerly first-party) developer, publisher, and former console manufacturer; subsidiary of Sega Sammy Holdings"
511,SEGA Interactive R&D Division 1 (Sega AM1),Tokyo,,Japan,World Club Champion Football series,Division of SEGA Interactive
512,SEGA Interactive R&D Division 2 (Sega AM2),Ota,,Japan,Virtua Fighter seriesShenmue seriesBorder Break series,"Division of SEGA Interactive, founded by Yu Suzuki"
513,Sega AM3,Tokyo,,Japan,Crazy Taxi seriesVirtua Tennis series,Division of Sega
514,Sega CS Research and Development No. 2 (Sonic Team),Tokyo,,Japan,Sonic The Hedgehog franchisePuyo Puyo seriesProject Sakura Wars,Division of SEGA Games
515,Sega Sports R&D,Tokyo,,Japan,Panzer Dragoon seriesJet Set Radio seriesLet's Make a Soccer Team! seriesMario & Sonic at the Olympic Games series,Division of Sega
516,Sensible Software,Cambridge,England,United Kingdom,Sensible Soccer seriesCannon Fodder seriesMega Lo ManiaWizballWizkidMicroprose SoccerShoot-'Em-Up Construction KitParallaxSensible Golf,"Developer, studio closed and company acquired by Codemasters in 1999"
517,Shift,Kanagawa,,Japan,Ape Escape Academy seriesGod Eater series,
518,SIE Bend Studio,Bend,Oregon,United States,Syphon Filter seriesDays Gone,"Founded by Blank, Berlyn and Co. and Eidetic, acquired by Sony Interactive Entertainment as a part of SIE Worldwide Studios in 2000."
519,SIE San Mateo Studio (formerly SIE Foster City Studio),San Mateo,California,United States,,Division of SIE Worldwide Studios; relocated from Foster City to San Mateo
520,SIE Japan Studio,Tokyo,,Japan,Ape Escape seriesIcoShadow of the ColossusSiren seriesPatapon seriesLoco Roco seriesGravity Rush seriesKnack seriesThe Last Guardian,Division of SIE Worldwide Studios
521,SIE London Studio,London,England,United Kingdom,SingStar series,Division of SIE Worldwide Studios
522,SIE San Diego Studio,San Diego,California,United States,MLB: The Show series,Division of SIE Worldwide Studios
523,SIE Santa Monica Studio,Los Angeles,California,United States,God of War series,Division of SIE Worldwide Studios
524,SCE Studio Liverpool,Liverpool,England,United Kingdom,Wipeout seriesFormula One seriesColony Wars series,"Former Division of SIE Worldwide Studios; shut down by Sony on August 22, 2012"
525,SIE Worldwide Studios,"Tokyo, Fukuoka, Santa Monica, Los Angeles, San Diego, Bend, Amsterdam, London, Guildford, Cambridge","California, Washington, Oregon, England","Japan, United States, Netherlands, United Kingdom",,A group of first-party development studios and subsidiaries owned by Sony Interactive Entertainment
526,SingleTrac,Salt Lake City,Utah,United States,Twisted Metal 1–2Jet Moto 1–2Warhawk (1995),Defunct in 2000
527,Shengqu Games,Shanghai,,China,,Acquired by Zhejiang Century Huatong in 2017
528,Sherman3D,Petaling Jaya,,Malaysia,Alpha Kimori,
529,Shin'en Multimedia,Munich,,Germany,Fast Racing League series,
530,Sierra Entertainment,Oakhurst,California,United States,Mystery HouseKing's Quest seriesSpace Quest seriesPolice Quest seriesLeisure Suit Larry seriesQuest for Glory seriesGabriel Knight series,Subsidiary of Activision; internal development ceased in 1999; closed in 2004
531,Silicon Knights,St. Catharines,Ontario,Canada,Blood Omen: Legacy of KainEternal Darkness: Sanity's RequiemToo Human,Closed in 2014
532,Silicon Studio,Tokyo,,Japan,Bravely Default series,They still develop game middlewares but their game contents division was sold to CREEK & RIVER.
533,Simtex,Austin,Texas,United States,Master of Orion seriesMaster of Magic,Closed in 1997
534,skip Ltd.,Tokyo,,Japan,bit Generations seriesChibi-Robo! series,Formed by former employees of Love-de-Lic
535,Slant Six Games,Vancouver,British Columbia,Canada,SOCOM U.S. Navy SEALs seriesResident Evil: Operation Raccoon City,Defunct in 2013
536,Sledgehammer Games,Foster City,California,United States,Call of Duty: Advanced Warfareco-developer of Call of Duty: Modern Warfare 3,Subsidiary of Activision
537,Snail,Suzhou,,China,Voyage Century Online,
538,Snapshot Games,Sofia,,Bulgaria,Chaos Reborn,Acquired by Embracer Group in 2020.
539,Slightly Mad Studios,London,England,United Kingdom,Project CARS series,Acquired by Codemasters in 2019
540,Slipgate Ironworks,Aars,,Denmark,Rad Rodgers,Formed by former employees of Interceptor Entertainment
541,Slitherine Software,Epsom,England,United Kingdom,Horrible Histories: Ruthless Romans,
542,Smilegate,Seoul,,South Korea,CrossFire series,
543,SNK,Osaka,,Japan,Fatal Fury seriesThe King of Fighters seriesMetal Slug seriesSamurai Showdown seriesThe Last Blade seriesWorld Heroes series,Acquired by 37Games in 2015; game hardware and software developer/publisher/manufacture
544,Sobee Studios,Istanbul,,Turkey,I Can FootballSüpercan,Merged into TTNET
545,Snowblind Studios,Seattle,Washington,United States,Top Gear OverdriveChampions of Norrath,Subsidiary of Warner Bros. Interactive Entertainment; defunct in 2012
546,Software 2000,Eutin,,Germany,Pizza Tycoon series,Closed in 2002
547,Sony Computer Entertainment,"Tokyo (SIE, Inc.) San Mateo (SIE, LLC)","Japan (SIE, Inc.) California (SIE, LLC)",United States,Various titles,"First-party developer, publisher and console manufacturer"
548,Sora Ltd.,Tokyo,,Japan,Kid Icarus: UprisingSuper Smash Bros. for Nintendo 3DS and Wii USuper Smash Bros. Ultimate,
549,Spellbound Entertainment,Offenburg,,Germany,Desperados seriesArcania: Gothic 4,Closed in 2012
550,Spiders,Paris,,France,The TechnomancerGreedFall,Acquired by Bigben Interactive (latterly Nacon) in 2019
551,Spike,Tokyo,,Japan,Dragon Ball Z: Budokai Tenkaichi series,Merged with Chunsoft to become Spike Chunsoft in 2012
552,Spike Chunsoft,Tokyo,,Japan,Zero Escape seriesDanganronpa franchiseAI: The Somnium FilesMystery Dungeon franchise Pokémon Mystery Dungeon series Jump Force,The result of a merger between Spike and Chunsoft and is owned by Dwango
553,Spil Games,Hilversum,,Netherlands,,Web game developer/publisher. Acquired by Azerion.
555,Sproing Interactive Media,Vienna,,Austria,Cursed Mountain,Defunct in 2017; their assets were acquired by Purple Lamp Studios
556,Square Enix,"Shinjuku, Tokyo",,Japan,Final Fantasy franchiseMana seriesSaGa seriesChrono TriggerBrave Fencer MusashiStar Ocean franchiseValkyrie Profile seriesKingdom Hearts franchiseDragon Quest franchiseDrakengard series Nier series Bravely Default seriesOctopath TravelerFront Mission series,Developer/publisher; previously known as Square Co. and Enix
558,Stainless Games,Newport,England,United Kingdom,Magic: The Gathering – Duels of the Planeswalkers series,
559,Stainless Steel Studios,Cambridge,Massachusetts,United States,Empire Earth,Closed in 2005
560,Starbreeze Studios,Uppsala,,Sweden,EnclaveRiddickSyndicateBrothers: A Tale of Two Sons,
562,Sting Entertainment,Tokyo,,Japan,Baroque seriesDungeon Travelers series,
563,Strategic Simulations,Sunnyvale,California,United States,Gold Box seriesPanzer General series,Closed in 1994
564,Stoic Studio,Austin,Texas,United States,The Banner Saga series,Founded by former employees of BioWare
565,Strawdog Studios,Derby,England,United Kingdom,Geon series,
566,Straylight Studios,Dunedin,,New Zealand,,Closed in 2009
567,Streamline Studios,Kuala Lumpur,,Malaysia,,
568,Success,Tokyo,,Japan,Touch Detective series,
569,Sucker Punch Productions,Bellevue,Washington,United States,Rocket: Robot on WheelsSly Cooper seriesInfamous seriesGhost of Tsushima,Division of SIE Worldwide Studios since 2011
570,Sumo Digital,Sheffield,England,United Kingdom,LittleBigPlanet 3Crackdown 3,
571,Supercell,Helsinki,,Finland,Clash of ClansHay DayBoom BeachClash Royale,Subsidiary of Tencent
572,Supermassive Games,Guildford,England,United Kingdom,Until Dawn,
574,Survios,Los Angeles,California,United States,,
575,Studio Wildcard,Kirkland,Washington,United States,Ark: Survival Evolved,
576,Swingin' Ape Studios,Aliso Viejo,California,United States,Metal Arms: Glitch in the System,Acquired by Blizzard Entertainment
577,StormRegion,Budapest,,Hungary,S.W.I.N.E.Codename: Panzers series,Acquired by 10tacle Studios AG in 2007 and then defunct in 2008
578,Sunstorm Interactive,Indianapolis,Indiana,United States,Deer Hunter series,Defunct in 2003
579,Syn Sophia,Tokyo,,Japan,WCW/nWo RevengeSimCity DS seriesStyle Savvy seriesPretty Series franchise Pretty Rhythm series PriPara series Pri Chan series,
580,SystemSoft Beta,Tokyo,,Japan,Daisenryaku series,"Subsidiary of Nippon Ichi Software, successor of SystemSoft Alpha"
581,Taito,"Shinjuku, Tokyo",,Japan,Space InvadersBubble Bobble series,Developer/publisher; acquired by Square Enix
582,Tango Gameworks,"Minato, Tokyo",,Japan,The Evil Within seriesGhostwire: Tokyo,"Acquired by ZeniMax Media in 2010, and founded by Shinji Mikami."
583,Tag Games,Dundee,Scotland,United Kingdom,,
584,TaleWorlds Entertainment,Ankara,,Turkey,Mount & Blade series,
585,Tamsoft,Asakusa,,Japan,OneeChanbara seriesSenran Kagura series,
586,T&E Soft,Aichi,,Japan,Hydlide series,Merged into Spike Chunsoft in 2013
587,Tantrumedia,Wirral,England,United Kingdom,,
588,Tantalus Media,Melbourne,Victoria,Australia,,
590,Tate Multimedia,Warsaw,,Poland,Urban Trial Freestyle,
591,Team17,Ossett,England,United Kingdom,Alien Breed seriesWorms seriesThe Escapists series,
592,Team Bondi,Sydney,New South Wales,Australia,L.A. Noire,Closed in 2011
593,Team Ico,Tokyo,,Japan,IcoShadow of the Colossus,Division of SIE Japan Studio; Their staffs moved to genDESIGN [ja]
594,Team Ninja,Tokyo,,Japan,Ninja Gaiden seriesDead or Alive franchiseNioh seriesMarvel Ultimate Alliance 3,Division of Koei Tecmo Games; formerly a division of Tecmo
595,Techland,Ostrów Wielkopolski,,Poland,Chrome seriesCall Of Juarez seriesDead Island seriesDying Light,Developer/publisher
596,Tecmo,Tokyo,,Japan,Ninja Gaiden seriesDead or Alive franchiseMonster Rancher seriesGallop Racer seriesFatal Frame series,Tecmo and Koei co-founded Koei Tecmo Holdings in 2009 and Tecmo was merged into Koei Tecmo Games in 2010
598,Tencent,Shenzhen,,China,,"Developer, publisher, online services company"
599,Tencent Games,Shenzhen,,China,Ring of Elysium,Division of Tencent Interactive Entertainment
600,Tequila Works,Madrid,,Spain,Deadlight,
601,Terminal Reality,Lewisville,Texas,United States,Monster Truck Madness series,Closed in 2013
602,Tetris Online,Honolulu,Hawaii,United States,Tetris Friends,Closed in 2019
603,Teyon,Kraków,,Poland,Heavy Fire series,
604,Thatgamecompany,Santa Monica,California,United States,JourneySky,
606,The Coalition,Vancouver,,Canada,Gears of War series,Subsidiary of Microsoft Studios
607,The Farm 51,Gliwice,,Poland,Get Even,
608,The Initiative,Santa Monica,California,United States,,Subsidiary of Microsoft Studios
609,THQ,Agoura Hills,California,United States,,"Developer/publisher; defunct in 2013; their assets were acquired by Nordic Games, 505 Games, or Gearbox Software"
610,THQ Nordic,ViennaKarlstad,,AustriaSweden,SpellForce 3,Developer/publisher
611,Three Fields Entertainment,Petersfield,England,United Kingdom,Danger Zone seriesDangerous Driving series,Founded by the founders of Criterion Games
613,TimeGate Studios,Sugar Land,Texas,United States,Kohan seriesSection 8 series,
614,TiMi Studios,Shenzhen,,China,Call of Duty: MobilePokémon Unite,Subsidiary of Tencent Games
615,Toaplan,Tokyo,,Japan,Snow Bros.,Developer of arcade games; went bankrupt and closed in 1994
616,ToeJam & Earl Productions,San Francisco,California,United States,ToeJam & Earl series,Founded by Mark Voorsanger and Greg Johnson; became defunct in 2003
617,Tokyo RPG Factory,Tokyo,,Japan,I Am SetsunaLost SphearOninaki,Subsidiary of Square Enix
618,TopWare Interactive,Karlsruhe,,Germany,,Publisher (developing in Reality Pump Studios division)
620,Torus Games,Bayswater,Victoria,Australia,Scooby-Doo! First FrightsScooby-Doo! and the Spooky SwampShrek Smash n' Crash RacingMonster Jam,
621,Tose,Kyoto,,Japan,The Legendary Starfy seriesDragon Quest Monsters seriesSlime seriesWorld of Final Fantasy,
622,Toys for Bob,Novato,California,United States,Skylanders seriesSpyro Reignited Trilogy,Subsidiary of Activision
623,Trapdoor,Montreal,Quebec,Canada,Warp,
624,Transmission Games,Melbourne,Victoria,Australia,Heroes of the PacificHeroes Over Europe,Closed in 2009
625,Traveller's Tales,Knutsford,England,United Kingdom,Lego series,Subsidiary of TT Games
626,Treyarch,Santa Monica,California,United States,Call of Duty seriesSpider-Man (2002),Acquired by Activision in 2001.
627,Treasure,Tokyo,,Japan,Gunstar HeroesDynamite HeaddyGuardian HeroesAlien SoldierBangai-OIkarugaSin and PunishmentSin & Punishment: Star SuccessorGaist Crusher,
628,tri-Ace,Tokyo,,Japan,Star Ocean franchiseValkyrie Profile series,Acquired by Nepro Japan (currently NJ Holdings [ja]) in 2015
629,tri-Crescendo,Tokyo,,Japan,Digimon World Re:Digitize series,
630,Trion Worlds,Redwood City,California,United States,Rift,Defunct in 2018; their assets were acquired by Gamigo [de]
631,Tripwire Interactive,Roswell,Georgia,United States,Killing Floor seriesRed Orchestra: Ostfront 41-45,
632,Triumph Studios,Delft,,Netherlands,Age of Wonders seriesOverlord series,Acquired by Paradox Interactive
633,Turn 10 Studios,Redmond,Washington,United States,Forza Motorsport series,Subsidiary of Microsoft Studios
634,Turtle Rock Studios,Lake Forest,California,United States,Left 4 Dead seriesEvolve,
635,Two Point Studios,Surrey,England,United Kingdom,Two Point Hospital,Formed by former employees of Lionhead Studios; acquired by Sega in 2019
636,Two Tribes,Amersfoort,,Netherlands,Toki Tori,
637,Typhoon Games (HK),Hong Kong SAR,,China,,Subsidiary of Typhoon Entertainment (Asia)
638,Ubisoft,Montreuil-sous-Bois,,Europe,Rayman seriesAssassin's Creed seriesJust Dance seriesPrince of Persia seriesFar Cry seriesZombiUTom Clancy's Ghost Recon seriesTom Clancy's Rainbow Six seriesTom Clancy's Splinter Cell seriesBeyond Good & Evil series,Developer/publisher
639,Ubisoft Blue Byte,Düsseldorf,,Germany,Battle Isle seriesThe Settlers seriesAnno series,Acquired by Ubisoft
640,Ubisoft Reflections,Newcastle upon Tyne,England,United Kingdom,Driver seriesDestruction Derby series,Acquired by Ubisoft
641,UEP Systems,Tokyo,,Japan,Cool Boarders series,Defunct in 2001
642,Ultimate Play the Game,Ashby-de-la-Zouch,England,United Kingdom,JetpacLunar JetmanAtic AtacSabreman seriesAlien 8,Predecessor to Rare; Defunct in 1988
643,Undead Labs,Seattle,Washington,United States,State of Decay series,Acquired by Microsoft Studios in 2018
644,United Front Games,Vancouver,British Columbia,Canada,ModNation RacersSleeping DogsLittleBigPlanet Karting,Defunct in 2016
645,United Game Artists,Tokyo,,Japan,Space Channel 5 seriesRez,Subsidiary of Sega
646,Universomo,Tampere,,Finland,,Defunct in 2010
647,Valve,Kirkland,Washington,United States,Half-Life seriesPortal seriesLeft 4 Dead seriesTeam Fortress 2Dota 2Counter-Strike series,"Developer, publisher and distributor"
648,Vanillaware,"Chūō-ku, Osaka",,Japan,Odin SphereGrimGrimoireMuramasa: The Demon BladeDragon's Crown13 Sentinels: Aegis Rim,
649,Vanpool,Tokyo,,Japan,Tingle seriesSuper Kirby Clash,Formed by former employees of Love-de-Lic
650,Venan Entertainment,Cromwell,Connecticut,United States,Ninjatown,Their assets were acquired by Megaspace Industries.
651,Vicarious Visions,Albany (Menands),New York,United States,Guitar Hero seriesTony Hawk seriesCrash Bandicoot N. Sane TrilogyMarvel: Ultimate Alliance 2,Acquired by Activision in 2004.
652,Vigil Games,Austin,Texas,United States,Darksiders series,Subsidiary of THQ; defunct in 2013
653,Virtual Heroes,Raleigh,North Carolina,United States,Moonbase Alpha,
654,Virtuos,,,Singapore,Monster Jam: Path of DestructionGhost Recon Predator,
655,Visceral Games,Redwood City,California,United States,Dead Space series,"Formerly known as EA Redwood Shores, former in-house development studio and subsidiary of Electronic Arts, closed in 2017."
656,Visual Concepts,Novato,California,United States,NFL 2KNBA 2K seriesMLB 2K series,Subsidiary of 2K Sports
657,Vostok Games,Kyiv,,Ukraine,Survarium,"Vostok Games was founded in March 2012 by former employees of GSC Game World, following that firm's closing"
659,Wahoo Studios,Orem,Utah,United States,,
660,Warhorse Studios,Prague,,Czech Republic,Kingdom Come: Deliverance,Acquired by Koch Media in 2019
661,Wargaming,NicosiaMinsk,,CyprusBelarus,World of Tanks,Developer/publisher
662,Wargaming Saint Petersburg,Saint Petersburg,,Russia,World of Warships,Subsidiary of Wargaming
663,Wargaming Seattle,Redmond,Washington,United States,Supreme Commander,Subsidiary of Wargaming
664,Warner Bros. Interactive Entertainment,Chicago,Illinois,United States,Batman: Arkham seriesLego seriesF.E.A.R. seriesMortal Kombat series,Division of Warner Bros. Entertainment which is a subsidiary of WarnerMedia
665,WB Games Boston (formerly Turbine),Needham,Massachusetts,United States,Asheron's Call seriesDungeons & Dragons OnlineThe Lord of the Rings Online,Subsidiary of Warner Bros. Interactive Entertainment
666,WB Games - Avalanche (formerly Avalanche Software),Salt Lake City,Utah,United States,Disney Infinity series,Subsidiary of Disney Interactive Studios; defunct in 2016Relaunched by Warner Bros. in 2017.
667,Webfoot Technologies,Chicago,Illinois,United States,Dragon Ball Z: The Legacy of GokuYou Don't Know Jack!  series[which?]Deadly Rooms of Death,Creators of many Dragon Ball Z games for Atari; specializes in Nintendo platforms
668,WeMade,Seoul,,South Korea,The Legend of Mir series,
669,Westone Bit Entertainment,Tokyo,,Japan,Wonder Boy seriesMonster World series,Bankrupt and became defunct in 2014
670,Westwood Studios,Las Vegas,Nevada,United States,Eye of the BeholderDune IIThe Legend of Kyrandia seriesLands of Lore seriesCommand & Conquer series,Acquired by Electronic Arts in 1998 and closed in 2003.
671,Wideload Games,Chicago,Illinois,United States,Stubbs the Zombie in Rebel Without a Pulse,Subsidiary of Disney Interactive Studios; closed in 2014
672,Wildfire Studios,Brisbane,Queensland,Australia,,
673,Wizet studio (Nexon development 1st division),Seoul,,South Korea,MapleStory,Acquired by Nexon and became to its division
675,World Forge,Voronezh,,Russia,Ancient Wars: Sparta,Founded by Burut Creative Team employees.
676,Xbox Game Studios,Redmond,Washington,United States,Age of Empires seriesCrackdown seriesForza Motorsport seriesGears of War seriesHalo seriesMicrosoft Flight Simulator seriesZoo Tycoon series,"First-party developer, publisher, and console manufacturer; established as Microsoft Game Studios"
677,XPEC Entertainment,Taipei,,Taiwan,Bounty Hounds,Developer/publisher
678,Yager Development,Berlin,,Germany,Spec Ops: The Line,
679,Yuke's,Osaka,,Japan,WWE SmackDown! vs Raw,
680,ZeniMax Online Studios,Hunt Valley,Maryland,United States,The Elder Scrolls Online,Subsidiary of ZeniMax Media Inc
681,Zen Studios,Budapest,,Hungary,Pinball FX series,Acquired by Embracer Group in 2020.
682,Zipper Interactive,Redmond,Washington,United States,SOCOM U.S. Navy SEALs seriesMechWarrior 3,Shut down in 2012 by Sony Computer Entertainment
683,Zombie Studios,Seattle,Washington,United States,Spec Ops: Rangers Lead the WayBlacklight: Retribution,
685,Zynga,San Francisco,California,United States,FarmVilleZynga Poker,Social network game developer.
